Keyword/Tag,Subreddit,Post_Title,Post_URL,Post_Author,Post_Score,Post_Comments_Count,Post_DateTime,Comment_Author,Comment_Body,Comment_Score,Comment_DateTime,Post_Anti_India_Score,Comment_Anti_India_Score,Anti_India_Score,OpenAI_Label_Post,OpenAI_Label_Comment
article370,all,Jammu Kashmir | Article 370,https://youtu.be/yymxeC3Ewzk?si=QPNkWfpvXjs-h1LC,jpsingh__,3,1,2025-08-25 09:34:30,AutoModerator,"**Hi everyone!**

## A reminder: Comedians are human too. Be respectful and only give feedback if asked. If you didn’t enjoy the post, just downvote and move on.


**Thanks for helping us keep this community positive!**

*I am a bot, and this action was performed automatically. Please [contact the moderators of this subreddit](/message/compose/?to=/r/IndianStandUpComedy) if you have any questions or concerns.*",1.0,2025-08-25 09:34:31,0.0,0.0,0.0,0,0
article370,all,Salman Khurshid Backs Article 370 Removal | BJP ने कहा – देश हुआ एक,https://youtube.com/watch?v=jd7jV6pt8Ek&si=zjIhm0nlQwRXb8Hk,PresentYesterday7904,1,1,2025-05-30 10:34:28,PresentYesterday7904,\#Article370 #SalmanKhurshid #Kashmir #DemocracyInKashmir #BJPReaction #CongressNews #PoliticalNews #BreakingNews #HindiNews,1.0,2025-05-30 10:34:40,0.0,0.0,0.0,0,0
article370,all,What is the Dogma,https://v.redd.it/y6pu6x83wdxe1,GarvHinduAR,32,1,2025-04-27 14:01:00,AutoModerator,"Namaste! Thank you for posting in r/HindutvaRises.

Make Crossposts from this subreddit and post watermarked content in others subs to Make This a Bigger Subreddit.

# JOIN [**Discord server**](https://discord.gg/z9P2mc8GPb)
^(DO not forget to check Library CHannel in our [discord server](https://discord.gg/z9P2mc8GPb) FOr C#odi memes and videos)


*I am a bot, and this action was performed automatically. Please [contact the moderators of this subreddit](/message/compose/?to=/r/HindutvaRises) if you have any questions or concerns.*",1.0,2025-04-27 14:01:10,0.0,0.0,0.0,0,0
article370,all,The Kashmir Conflict: A 2025 Perspective on South Asia’s Longest-Running Dispute,https://eng.harbouchanews.com/2025/04/the-kashmir-conflict-2025-perspective.html,HarbouchaMag,1,0,2025-04-24 09:48:25,,,,,0.36744000000000004,0.0,0.36744000000000004,0,0
article370,all,Animal had the Highest Opening Week views for an Indian film on Netflix in 2024,https://i.redd.it/m984g84vjcge1.jpeg,Rast987,20,0,2025-01-31 15:20:26,,,,,0.0,0.0,0.0,0,0
article370,all,"PM Modi declares Article 370 will never be restored in J&K, reaffirming the government's stance. #Article370 #JammuAndKashmir #PMModi #thetlcnews #ttlcnews",https://i.redd.it/dsb2c17y881e1.jpeg,thetlcnews,1,0,2024-11-16 08:52:14,,,,,0.0,0.0,0.0,0,0
article370,all,Malayalam cinema shine! 5 Malayalam films and 3 Tamil films rank among 2024's Top 20 BMS ticket sales!,https://i.redd.it/yxhn38taf00e1.jpeg,MiserableMidnight6,48,13,2024-11-10 05:27:17,Njoymadi,So the real winner here is BMS. 85m+ tickets for just 20 movies with almost 40rs per ticket on an average. Nalloru monopoly tanne!!!,39.0,2024-11-10 06:18:44,0.0,0.0,0.0,0,0
article370,all,Malayalam cinema shine! 5 Malayalam films and 3 Tamil films rank among 2024's Top 20 BMS ticket sales!,https://i.redd.it/yxhn38taf00e1.jpeg,MiserableMidnight6,48,13,2024-11-10 05:27:17,Gregariouswaty,The fact 3 Malayalam films sold more tickets  than Deadpool and Wolverine is insane.,8.0,2024-11-10 09:44:53,0.0,0.0,0.0,0,0
article370,all,Malayalam cinema shine! 5 Malayalam films and 3 Tamil films rank among 2024's Top 20 BMS ticket sales!,https://i.redd.it/yxhn38taf00e1.jpeg,MiserableMidnight6,48,13,2024-11-10 05:27:17,,[deleted],7.0,2024-11-10 05:36:36,0.0,0.0,0.0,0,0
article370,all,Malayalam cinema shine! 5 Malayalam films and 3 Tamil films rank among 2024's Top 20 BMS ticket sales!,https://i.redd.it/yxhn38taf00e1.jpeg,MiserableMidnight6,48,13,2024-11-10 05:27:17,,Devara 🥲,4.0,2024-11-10 05:54:44,0.0,0.0,0.0,0,0
article370,all,Malayalam cinema shine! 5 Malayalam films and 3 Tamil films rank among 2024's Top 20 BMS ticket sales!,https://i.redd.it/yxhn38taf00e1.jpeg,MiserableMidnight6,48,13,2024-11-10 05:27:17,,[deleted],1.0,2024-11-10 05:28:29,0.0,0.0,0.0,0,0
article370,all,Malayalam cinema shine! 5 Malayalam films and 3 Tamil films rank among 2024's Top 20 BMS ticket sales!,https://i.redd.it/yxhn38taf00e1.jpeg,MiserableMidnight6,48,13,2024-11-10 05:27:17,suicidaljyo,BMS making good money there.,1.0,2024-11-11 05:06:16,0.0,0.0,0.0,0,0
article370,all,Malayalam cinema shine! 5 Malayalam films and 3 Tamil films rank among 2024's Top 20 BMS ticket sales!,https://i.redd.it/yxhn38taf00e1.jpeg,MiserableMidnight6,48,13,2024-11-10 05:27:17,,Devara and GOAT in top 5😭😭😭,1.0,2024-11-12 11:17:28,0.0,0.0,0.0,0,0
article370,all,Malayalam cinema shine! 5 Malayalam films and 3 Tamil films rank among 2024's Top 20 BMS ticket sales!,https://i.redd.it/yxhn38taf00e1.jpeg,MiserableMidnight6,48,13,2024-11-10 05:27:17,nickdonhelm,Zomato is coming with it's movie ticket business after taking over Paytm movie ticket business.,14.0,2024-11-10 06:43:17,0.0,0.0,0.0,0,0
article370,all,Malayalam cinema shine! 5 Malayalam films and 3 Tamil films rank among 2024's Top 20 BMS ticket sales!,https://i.redd.it/yxhn38taf00e1.jpeg,MiserableMidnight6,48,13,2024-11-10 05:27:17,Arkane631,"The Indian box office is not that lucrative for Hollywood compared to others like China, because of the insane amount of content that's being made here. 

Also folks mostly prefer to watch their native language movies more here.

There's also limited screens for Hollywood movies too because of this, which adds to the problem.",6.0,2024-11-10 12:40:12,0.0,0.35153999999999996,0.35153999999999996,0,0
article370,all,Malayalam cinema shine! 5 Malayalam films and 3 Tamil films rank among 2024's Top 20 BMS ticket sales!,https://i.redd.it/yxhn38taf00e1.jpeg,MiserableMidnight6,48,13,2024-11-10 05:27:17,i_Rex_Boss,"Because OP is him

https://i.redd.it/rdygcegol00e1.gif",34.0,2024-11-10 06:03:03,0.0,0.0,0.0,0,0
article370,all,Article 370 Part 2 ,https://www.instagram.com/reel/C4S8A42vwEI/?igsh=MTZkdGkwNXl0ZWZ5Nw==,Deadpoorv,1,0,2024-04-07 13:12:56,,,,,0.0,0.0,0.0,0,0
article370,all,Crew rakes in 32.60 cr in the first weekend. 62+ Cr worldwide gross. 💥 Can it touch 200 cr WW gross?,https://i.redd.it/7fgy6jfjftrc1.jpeg,Prat_Brat3,102,31,2024-04-01 06:54:16,AutoModerator,"

#You can Add More Details

If OG post has some missing details, /u/Prat_Brat3 or Members can add details ,as reply to this comment. Click to Expand. 

      

*I am a bot, and this action was performed automatically. Please [contact the moderators of this subreddit](/message/compose/?to=/r/BollyBlindsNGossip) if you have any questions or concerns.*",1.0,2024-04-01 06:54:17,0.44105999999999995,0.0,0.44105999999999995,0,0
article370,all,Crew rakes in 32.60 cr in the first weekend. 62+ Cr worldwide gross. 💥 Can it touch 200 cr WW gross?,https://i.redd.it/7fgy6jfjftrc1.jpeg,Prat_Brat3,102,31,2024-04-01 06:54:16,,Wow amazing for a women centric movie. All three of them slayed 🔥,53.0,2024-04-01 07:02:09,0.44105999999999995,0.0,0.44105999999999995,0,0
article370,all,Crew rakes in 32.60 cr in the first weekend. 62+ Cr worldwide gross. 💥 Can it touch 200 cr WW gross?,https://i.redd.it/7fgy6jfjftrc1.jpeg,Prat_Brat3,102,31,2024-04-01 06:54:16,Emergency-Big4851,I'll be very happy if it does 🔥,26.0,2024-04-01 07:05:32,0.44105999999999995,0.0,0.44105999999999995,0,0
article370,all,Crew rakes in 32.60 cr in the first weekend. 62+ Cr worldwide gross. 💥 Can it touch 200 cr WW gross?,https://i.redd.it/7fgy6jfjftrc1.jpeg,Prat_Brat3,102,31,2024-04-01 06:54:16,Green-Heat-1041,Mass puller trio..,19.0,2024-04-01 07:42:03,0.44105999999999995,0.0,0.44105999999999995,0,0
article370,all,Crew rakes in 32.60 cr in the first weekend. 62+ Cr worldwide gross. 💥 Can it touch 200 cr WW gross?,https://i.redd.it/7fgy6jfjftrc1.jpeg,Prat_Brat3,102,31,2024-04-01 06:54:16,143AamAadmi,"For 200, it would have to do 60+ for next weekend too. 150 looks more possible",9.0,2024-04-01 06:57:40,0.44105999999999995,0.0,0.44105999999999995,0,0
article370,all,Crew rakes in 32.60 cr in the first weekend. 62+ Cr worldwide gross. 💥 Can it touch 200 cr WW gross?,https://i.redd.it/7fgy6jfjftrc1.jpeg,Prat_Brat3,102,31,2024-04-01 06:54:16,AbbreviationsOne7482,"It won't cross 100cr in India. India's final total will be somewhere around 70-80cr.
I can vouch for this. I've been reading about box office updates for more than a decade. 
So crossing 200cr WW is next to impossible. 

India lifetime : 70-80 cr
Worldwide : 120-150cr",7.0,2024-04-01 08:25:32,0.44105999999999995,0.0,0.44105999999999995,0,0
article370,all,Crew rakes in 32.60 cr in the first weekend. 62+ Cr worldwide gross. 💥 Can it touch 200 cr WW gross?,https://i.redd.it/7fgy6jfjftrc1.jpeg,Prat_Brat3,102,31,2024-04-01 06:54:16,Big-Criticism-8926,"It won’t. Numbers by trade are 29.5 crores for the weekend which doesn’t beat the 6 best female led openers of all time in India.

https://preview.redd.it/8j63pktwpurc1.jpeg?width=1179&format=pjpg&auto=webp&s=2cb07e0a693c9ae68424fde749d7b6c0cb5988d6",2.0,2024-04-01 11:13:53,0.44105999999999995,0.0,0.44105999999999995,0,0
article370,all,Crew rakes in 32.60 cr in the first weekend. 62+ Cr worldwide gross. 💥 Can it touch 200 cr WW gross?,https://i.redd.it/7fgy6jfjftrc1.jpeg,Prat_Brat3,102,31,2024-04-01 06:54:16,Historical-Ad-243,worldwide gross is actually meaning less. Should focus on all india nett like it used to be before bollywood started getting clever with numbers.,2.0,2024-04-01 06:58:24,0.44105999999999995,0.0,0.44105999999999995,0,0
article370,all,Crew rakes in 32.60 cr in the first weekend. 62+ Cr worldwide gross. 💥 Can it touch 200 cr WW gross?,https://i.redd.it/7fgy6jfjftrc1.jpeg,Prat_Brat3,102,31,2024-04-01 06:54:16,Lola_9797,Great acting but illogical story,1.0,2024-04-02 08:28:35,0.44105999999999995,0.0,0.44105999999999995,0,0
article370,all,Crew rakes in 32.60 cr in the first weekend. 62+ Cr worldwide gross. 💥 Can it touch 200 cr WW gross?,https://i.redd.it/7fgy6jfjftrc1.jpeg,Prat_Brat3,102,31,2024-04-01 06:54:16,,"watch madgaon express ,
#
no better comedy mlvie in last 5 years.",-1.0,2024-04-01 08:21:14,0.44105999999999995,0.0,0.44105999999999995,0,0
article370,all,Sid Malhotra hasn’t had a hit film since 2016(Kapoor & Sons)  and Yodha isn’t changing that stat. 😭,https://i.redd.it/mfgow8ki3foc1.jpeg,isabellapintoisback,275,102,2024-03-15 03:29:31,AutoModerator,"

#You can Add More Details

If OG post has some missing details, /u/isabellapintoisback or Members can add details ,as reply to this comment. Click to Expand. 

      

*I am a bot, and this action was performed automatically. Please [contact the moderators of this subreddit](/message/compose/?to=/r/BollyBlindsNGossip) if you have any questions or concerns.*",1.0,2024-03-15 03:29:33,0.0,0.0,0.0,0,0
article370,all,Sid Malhotra hasn’t had a hit film since 2016(Kapoor & Sons)  and Yodha isn’t changing that stat. 😭,https://i.redd.it/mfgow8ki3foc1.jpeg,isabellapintoisback,275,102,2024-03-15 03:29:31,arina_0730,"Even if Yodha didn't work he is still gonna get benefits from ""Dharma rozgar yojna""",190.0,2024-03-15 03:50:22,0.0,0.0,0.0,0,0
article370,all,Sid Malhotra hasn’t had a hit film since 2016(Kapoor & Sons)  and Yodha isn’t changing that stat. 😭,https://i.redd.it/mfgow8ki3foc1.jpeg,isabellapintoisback,275,102,2024-03-15 03:29:31,PomegranateAble4120,"And bro did you watch the indian police force? Sid was abysmal! Its been 12 years since he debuted btw. We make fun of arjun kapoor, sid just has shershah to his name.",218.0,2024-03-15 03:34:37,0.0,0.0,0.0,0,0
article370,all,Sid Malhotra hasn’t had a hit film since 2016(Kapoor & Sons)  and Yodha isn’t changing that stat. 😭,https://i.redd.it/mfgow8ki3foc1.jpeg,isabellapintoisback,275,102,2024-03-15 03:29:31,Classic_Pop_1574,He is a very limited actor. He is an outsider but somehow always had Dharma productions backing him.,70.0,2024-03-15 03:54:50,0.0,0.0,0.0,0,0
article370,all,Sid Malhotra hasn’t had a hit film since 2016(Kapoor & Sons)  and Yodha isn’t changing that stat. 😭,https://i.redd.it/mfgow8ki3foc1.jpeg,isabellapintoisback,275,102,2024-03-15 03:29:31,enginehearts,He had the opportunity to strike when the iron was hot with Shershaah but decided to follow it up with 'Thank God'. Just beyond terrible career decisions on top of being a limited actor.,61.0,2024-03-15 04:44:46,0.0,0.0,0.0,0,0
article370,all,Sid Malhotra hasn’t had a hit film since 2016(Kapoor & Sons)  and Yodha isn’t changing that stat. 😭,https://i.redd.it/mfgow8ki3foc1.jpeg,isabellapintoisback,275,102,2024-03-15 03:29:31,Latter_Reception_832,He is male eye candy just like Katrina as female...no acting talent but great looks..anyway every new actor seems to be struggling now.,90.0,2024-03-15 04:24:32,0.0,0.0,0.0,0,0
article370,all,Sid Malhotra hasn’t had a hit film since 2016(Kapoor & Sons)  and Yodha isn’t changing that stat. 😭,https://i.redd.it/mfgow8ki3foc1.jpeg,isabellapintoisback,275,102,2024-03-15 03:29:31,slickdeal1,"22K tickets were booked by Dharma Production!

![gif](giphy|l1IYkdohiuRnXYrmg)",38.0,2024-03-15 04:15:24,0.0,0.0,0.0,0,0
article370,all,Sid Malhotra hasn’t had a hit film since 2016(Kapoor & Sons)  and Yodha isn’t changing that stat. 😭,https://i.redd.it/mfgow8ki3foc1.jpeg,isabellapintoisback,275,102,2024-03-15 03:29:31,isabellapintoisback,That 23k includes self booking by Karan Johar. He was exposed by multiple twitter users for it,61.0,2024-03-15 03:31:01,0.0,0.0,0.0,0,0
article370,all,Sid Malhotra hasn’t had a hit film since 2016(Kapoor & Sons)  and Yodha isn’t changing that stat. 😭,https://i.redd.it/mfgow8ki3foc1.jpeg,isabellapintoisback,275,102,2024-03-15 03:29:31,No-Protection-2094,Flops after flops but still getting movies because of Kjo,23.0,2024-03-15 04:20:57,0.0,0.0,0.0,0,0
article370,all,Sid Malhotra hasn’t had a hit film since 2016(Kapoor & Sons)  and Yodha isn’t changing that stat. 😭,https://i.redd.it/mfgow8ki3foc1.jpeg,isabellapintoisback,275,102,2024-03-15 03:29:31,Funny_Response_9807,"He has like two clean hits in his whole career i.e-: Ek Villian and Kapoor Sons.

Also two semi-hits-: Hasee toh Phasee and SOTY.
That equals to 4 successfull films.

Varun has 5 clean hits and total 11 successfull films.

Kartik- 5 clean hits and 7 successfull films.",21.0,2024-03-15 04:48:51,0.0,0.0,0.0,0,0
bomb India,all,CBI Flight Jacket with Blood Chit,https://www.reddit.com/gallery/1naxmg3,Lethal_Autism,5,1,2025-09-07 16:25:33,airport-codes,"|IATA|ICAO|Name|Location|
|:-|:-|:-|:-|
|CBI|YCBN|Cape Barren Island Airport|Tasmania, Australia|

*[I am a bot.](https://developers.reddit.com/apps/airport-codes)*

^(If you are the OP and this comment is inaccurate or unwanted, reply below with ""bad bot"" and it will be deleted.)",1.0,2025-09-07 16:25:38,0.0,0.39581999999999995,0.39581999999999995,0,0
bomb India,all,An Account of the 1946 Communal Carnage in Bihar and United Provinces,https://www.reddit.com/gallery/1navuwb,UdayOnReddit,25,10,2025-09-07 15:17:07,indian_kulcha,"There were also major retaliatory riots in response to Direct Action Day and Noakhali, at Garhmukteshwar in western UP as well. The riots and their aftermath are talked about a fair bit in Volume 1 of Paul Brass' excellent biography of Charan Singh titled *An Indian Political Life: Charan Singh and Congress Politics, 1937-1961*",4.0,2025-09-07 15:44:53,0.0,0.0,0.0,0,0
bomb India,all,An Account of the 1946 Communal Carnage in Bihar and United Provinces,https://www.reddit.com/gallery/1navuwb,UdayOnReddit,25,10,2025-09-07 15:17:07,Mountain_Ad_5934,"These people found it really easy to participate in violent riots, but never had the guts to stand up against the British?",4.0,2025-09-07 15:43:01,0.0,0.0,0.0,0,0
bomb India,all,An Account of the 1946 Communal Carnage in Bihar and United Provinces,https://www.reddit.com/gallery/1navuwb,UdayOnReddit,25,10,2025-09-07 15:17:07,Empty-Pumpkin7618,The separatists took both East and Weat Pakistan but didn’t have a vision for the newly formed state,1.0,2025-09-07 15:47:49,0.0,0.0,0.0,0,0
bomb India,all,An Account of the 1946 Communal Carnage in Bihar and United Provinces,https://www.reddit.com/gallery/1navuwb,UdayOnReddit,25,10,2025-09-07 15:17:07,EquivalentWaste1532,What happend to hindu muslim unity and harmony,1.0,2025-09-07 15:44:06,0.0,0.0,0.0,0,0
bomb India,all,An Account of the 1946 Communal Carnage in Bihar and United Provinces,https://www.reddit.com/gallery/1navuwb,UdayOnReddit,25,10,2025-09-07 15:17:07,,[removed],-1.0,2025-09-07 16:05:50,0.0,0.0,0.0,0,0
bomb India,all,An Account of the 1946 Communal Carnage in Bihar and United Provinces,https://www.reddit.com/gallery/1navuwb,UdayOnReddit,25,10,2025-09-07 15:17:07,,[removed],2.0,2025-09-07 15:59:58,0.0,0.0,0.0,0,0
bomb India,all,An Account of the 1946 Communal Carnage in Bihar and United Provinces,https://www.reddit.com/gallery/1navuwb,UdayOnReddit,25,10,2025-09-07 15:17:07,IndianHistory-ModTeam,"Your post/comment was removed because it breaks **Rule 2. No Current Politics**

>Events that occured less than 20 years ago will be subject mod review. Submissions and comments that are overtly political or attract too much political discussion will be removed; political topics are only acceptable if discussed in a historical context. Comments should discuss a historical topic, not advocate an agenda. This is entirely at the moderators' discretion.

Multiple infractions will result in a ban.

Please refer to the wiki for more information: https://www.reddit.com/r/IndianHistory/wiki/guidelines/rules/",1.0,2025-09-07 16:23:16,0.0,0.0,0.0,0,0
bomb India,all,An Account of the 1946 Communal Carnage in Bihar and United Provinces,https://www.reddit.com/gallery/1navuwb,UdayOnReddit,25,10,2025-09-07 15:17:07,indian_kulcha,">For years, Savarkar had urged Hindus to enlist in the British armed forces, framing it as essential for the 'Militarisation of the Hindu Race.'

Why does this part of the post seem more like an attempt to shoe-horn in Savarkar rather than documenting events that you describe.",1.0,2025-09-07 16:20:25,0.0,0.0,0.0,0,0
bomb India,all,An Account of the 1946 Communal Carnage in Bihar and United Provinces,https://www.reddit.com/gallery/1navuwb,UdayOnReddit,25,10,2025-09-07 15:17:07,IndianHistory-ModTeam,"This post violates Rule 8:. Maintain Historical Standards:

>Our community focuses on evidence-based historical discussion. Posts should:

* Avoid mythologizing, exaggerating, or making speculative claims about historical achievements/events
* Maintain academic standards
* Present facts rather than cultural narratives
* No AI generated images/videos

Please refer to the wiki for more information: https://www.reddit.com/r/IndianHistory/wiki/guidelines/rules/",1.0,2025-09-07 16:22:53,0.0,0.41447999999999996,0.41447999999999996,0,0
bomb India,all,An Account of the 1946 Communal Carnage in Bihar and United Provinces,https://www.reddit.com/gallery/1navuwb,UdayOnReddit,25,10,2025-09-07 15:17:07,UdayOnReddit,"It's not an attempt at anything. I know about it so I added that detail as well🤷

Also this is nowhere mentioned in the post other than a picture, I've only written this in my comment.",1.0,2025-09-07 16:22:12,0.0,0.0,0.0,0,0
bomb India,all,"On This Day, September 7, 1941: World",https://www.reddit.com/gallery/1naswjq,MinnesotaArchive,4,0,2025-09-07 13:15:21,,,,,0.0,0.0,0.0,0,0
bomb India,all,Mid twenties feeling struck in hustle trap. Is everyone of us struggling to find balance??,https://www.reddit.com/r/indianmedschool/comments/1nanc5x/mid_twenties_feeling_struck_in_hustle_trap_is/,Exciting_Stranger_69,31,14,2025-09-07 07:51:05,AutoModerator,"**Welcome, u/Exciting_Stranger_69! Thank you for posting on /r/IndianMedSchool.**

* Do ensure that you have read our [**subreddit rules**](https://reddit.com/r/indianmedschool/about/rules) before posting. Any post that violates our rules will be removed immediately. Readers, if this post violates our subreddit rules - *do not engage, just report*.

* ***Reminder: this subreddit is not intended to seek medical advice of any kind. Please see a doctor in real life. We perma-ban all users who ask for medical advice.*** Please respect our community guidelines and direct your queries to practitioners of Modern Medicine in real life.

* Please follow [Reddit content policy](https://www.reddit.com/help/contentpolicy/) and [Reddiquette](https://support.reddithelp.com/hc/en-us/articles/205926439-Reddiquette) at all times. :)

* Check out our [Indian Medical School Group Chat](https://www.reddit.com/r/indianmedschool/s/VAKdzyZBn2)!

[Wiki - has study resource recs and important notices](https://www.reddit.com/r/indianmedschool/wiki/index/) **|** [Our Discord server](https://discord.gg/dgvMMCy) **|** [Modmail](https://www.reddit.com/message/compose?to=r/indianmedschool)

*I am a bot, and this action was performed automatically. Please [contact the moderators of this subreddit](/message/compose/?to=/r/indianmedschool) if you have any questions or concerns.*",1.0,2025-09-07 07:51:05,0.42894,0.0,0.42894,0,0
bomb India,all,Mid twenties feeling struck in hustle trap. Is everyone of us struggling to find balance??,https://www.reddit.com/r/indianmedschool/comments/1nanc5x/mid_twenties_feeling_struck_in_hustle_trap_is/,Exciting_Stranger_69,31,14,2025-09-07 07:51:05,Chutkulebaaz,"That's medical for you. While other professions go to better and bigger cities as they study higher or progress at work, we go down from city to town to village.

In movies they show main characters moving to ""Bambai/Mumbai"" (synonyms to a bigger city) to do naam kamai or become something.

Medical might be the only profession where a Bombay guy migrates to tier 7 city to make a name. 🤣",39.0,2025-09-07 08:08:18,0.42894,0.0,0.42894,0,0
bomb India,all,Mid twenties feeling struck in hustle trap. Is everyone of us struggling to find balance??,https://www.reddit.com/r/indianmedschool/comments/1nanc5x/mid_twenties_feeling_struck_in_hustle_trap_is/,Exciting_Stranger_69,31,14,2025-09-07 07:51:05,catharticuncle,"Bro
At least you have government job

In West Bengal all these jobs are given by contacts and connection",7.0,2025-09-07 09:30:03,0.42894,0.0,0.42894,0,0
bomb India,all,Mid twenties feeling struck in hustle trap. Is everyone of us struggling to find balance??,https://www.reddit.com/r/indianmedschool/comments/1nanc5x/mid_twenties_feeling_struck_in_hustle_trap_is/,Exciting_Stranger_69,31,14,2025-09-07 07:51:05,iwant_to_eatsteel,"if they ask for rishta again, say yes and ask them to find a girl who would earn, manage all your expenses, meanwhile u study for NEET PG without worries of Hospital job/managing finances",11.0,2025-09-07 09:17:38,0.42894,0.0,0.42894,0,0
bomb India,all,Mid twenties feeling struck in hustle trap. Is everyone of us struggling to find balance??,https://www.reddit.com/r/indianmedschool/comments/1nanc5x/mid_twenties_feeling_struck_in_hustle_trap_is/,Exciting_Stranger_69,31,14,2025-09-07 07:51:05,Luck_Chancellor-007,"Achhe Rishtei aa rhei ho to lelo bhai
Pta nhi fir mile ya na milei

Baaki naukri to hain

Neet pg to atei rhega har saal 🫣",7.0,2025-09-07 09:21:36,0.42894,0.0,0.42894,0,0
bomb India,all,Mid twenties feeling struck in hustle trap. Is everyone of us struggling to find balance??,https://www.reddit.com/r/indianmedschool/comments/1nanc5x/mid_twenties_feeling_struck_in_hustle_trap_is/,Exciting_Stranger_69,31,14,2025-09-07 07:51:05,Practical-Face-5447,Spitting faxxx 💯,3.0,2025-09-07 09:07:20,0.42894,0.0,0.42894,0,0
bomb India,all,Mid twenties feeling struck in hustle trap. Is everyone of us struggling to find balance??,https://www.reddit.com/r/indianmedschool/comments/1nanc5x/mid_twenties_feeling_struck_in_hustle_trap_is/,Exciting_Stranger_69,31,14,2025-09-07 07:51:05,Exciting_Stranger_69,Yeah it’s the only positive thing abt life,4.0,2025-09-07 09:37:25,0.42894,0.0,0.42894,0,0
bomb India,all,Mid twenties feeling struck in hustle trap. Is everyone of us struggling to find balance??,https://www.reddit.com/r/indianmedschool/comments/1nanc5x/mid_twenties_feeling_struck_in_hustle_trap_is/,Exciting_Stranger_69,31,14,2025-09-07 07:51:05,Luck_Chancellor-007,"🥲without catch or connection no jobs in whole WB. Fu*ked up situation really..
Planning to sit at home and study and crack neet pg or else doomed.",2.0,2025-09-07 10:57:53,0.42894,0.45036,0.45036,0,0
bomb India,all,Mid twenties feeling struck in hustle trap. Is everyone of us struggling to find balance??,https://www.reddit.com/r/indianmedschool/comments/1nanc5x/mid_twenties_feeling_struck_in_hustle_trap_is/,Exciting_Stranger_69,31,14,2025-09-07 07:51:05,Exciting_Stranger_69,"They would get a non doctor well settled girl if I ever told them


So not taking a risk there",5.0,2025-09-07 09:18:49,0.42894,0.0,0.42894,0,0
bomb India,all,Mid twenties feeling struck in hustle trap. Is everyone of us struggling to find balance??,https://www.reddit.com/r/indianmedschool/comments/1nanc5x/mid_twenties_feeling_struck_in_hustle_trap_is/,Exciting_Stranger_69,31,14,2025-09-07 07:51:05,Exciting_Stranger_69,Bhai aapne to dada daadi  waali baat krdi,6.0,2025-09-07 09:22:36,0.42894,0.0,0.42894,0,0
bomb India,all,Mid twenties and feeling stuck in the “Hustle” trap. Is everyone in their 20s struggling to find balance ??,https://www.reddit.com/r/TwentiesIndia/comments/1nan41g/mid_twenties_and_feeling_stuck_in_the_hustle_trap/,Exciting_Stranger_69,1,6,2025-09-07 07:36:02,InvestigatorHefty577,the ones hitting the pub are equally miserable like you are u are fine dw sir,2.0,2025-09-07 07:51:01,0.42894,0.0,0.42894,0,0
bomb India,all,Mid twenties and feeling stuck in the “Hustle” trap. Is everyone in their 20s struggling to find balance ??,https://www.reddit.com/r/TwentiesIndia/comments/1nan41g/mid_twenties_and_feeling_stuck_in_the_hustle_trap/,Exciting_Stranger_69,1,6,2025-09-07 07:36:02,Interesting-Mine-768,"Same bro. I got my CA finals in Jan. For a year, I did not even touch the books coz of high work deadlines. Came for study leave after completion of that job, right now I am struggling with the constant brain fumes I get whenever I sit to study. I sometimes think, my brain lost the cognitive of how to study. I think, this is gonna be it.",1.0,2025-09-07 08:09:32,0.42894,0.39581999999999995,0.42894,0,0
bomb India,all,Mid twenties and feeling stuck in the “Hustle” trap. Is everyone in their 20s struggling to find balance ??,https://www.reddit.com/r/TwentiesIndia/comments/1nan41g/mid_twenties_and_feeling_stuck_in_the_hustle_trap/,Exciting_Stranger_69,1,6,2025-09-07 07:36:02,Exciting_Stranger_69,You might be right here. But these things give fomo when you are back to home at night and see thier posts enjoying.,1.0,2025-09-07 07:52:33,0.42894,0.0,0.42894,0,0
bomb India,all,Mid twenties and feeling stuck in the “Hustle” trap. Is everyone in their 20s struggling to find balance ??,https://www.reddit.com/r/TwentiesIndia/comments/1nan41g/mid_twenties_and_feeling_stuck_in_the_hustle_trap/,Exciting_Stranger_69,1,6,2025-09-07 07:36:02,InvestigatorHefty577,look im friends with both kind of peers and i tell u the pub ones are complaining about deadlines and bitchy manager and my doc friend is complaining about her stuff schedule so theres no winning at all just choose your poison atp and please have a outdoor activity or a night out every once in a while u will burn out eventually if u juggle both at same time all the besttt,1.0,2025-09-07 07:56:40,0.42894,0.0,0.42894,0,0
bomb India,all,Mid twenties and feeling stuck in the “Hustle” trap. Is everyone in their 20s struggling to find balance ??,https://www.reddit.com/r/TwentiesIndia/comments/1nan41g/mid_twenties_and_feeling_stuck_in_the_hustle_trap/,Exciting_Stranger_69,1,6,2025-09-07 07:36:02,Exciting_Stranger_69,"Would definitely try it some day. 
Btw thanks for being a hearing ear",1.0,2025-09-07 07:58:02,0.42894,0.0,0.42894,0,0
bomb India,all,Mid twenties and feeling stuck in the “Hustle” trap. Is everyone in their 20s struggling to find balance ??,https://www.reddit.com/r/TwentiesIndia/comments/1nan41g/mid_twenties_and_feeling_stuck_in_the_hustle_trap/,Exciting_Stranger_69,1,6,2025-09-07 07:36:02,InvestigatorHefty577,chinn up nigga u can rant anytime haha,1.0,2025-09-07 08:05:29,0.42894,0.0,0.42894,0,0
bomb India,all,Can you name this city in India?,https://www.reddit.com/r/india_tourism/comments/1naj9ga/can_you_name_this_city_in_india/,Ok-Cucumber-517,3,4,2025-09-07 03:50:14,Ancient_Reach_8925,Chennai ?,2.0,2025-09-07 03:57:14,0.0,0.0,0.0,0,0
bomb India,all,Can you name this city in India?,https://www.reddit.com/r/india_tourism/comments/1naj9ga/can_you_name_this_city_in_india/,Ok-Cucumber-517,3,4,2025-09-07 03:50:14,AutoModerator,"Hello Ok-Cucumber-517, your post is now live. Often queries and discussions are repetitive, so check if your topic has already been addressed in this subreddit in the past. Search on Google or Bing, to look for any past discussions on the same subject. [[Link to Google search related to your post]](https://www.google.com/search?q=india_tourism+Reddit+Can you name this city in India?). Thank you.

All users are requested to downvote the low quality posts. Also please report the content you see breaking the rules so that mods can act on it. 


*I am a bot, and this action was performed automatically. Please [contact the moderators of this subreddit](/message/compose/?to=/r/india_tourism) if you have any questions or concerns.*",1.0,2025-09-07 03:50:15,0.0,0.0,0.0,0,0
bomb India,all,Can you name this city in India?,https://www.reddit.com/r/india_tourism/comments/1naj9ga/can_you_name_this_city_in_india/,Ok-Cucumber-517,3,4,2025-09-07 03:50:14,DangerousWolf8743,Nice list. Had to reach towards the end to figure out.,1.0,2025-09-07 04:12:16,0.0,0.0,0.0,0,0
bomb India,all,Can you name this city in India?,https://www.reddit.com/r/india_tourism/comments/1naj9ga/can_you_name_this_city_in_india/,Ok-Cucumber-517,3,4,2025-09-07 03:50:14,Secret_Discipline_48,Chennai/Madras?,1.0,2025-09-07 10:13:10,0.0,0.0,0.0,0,0
bomb India,all,"The Bengal Files: Vivek’s reheated propaganda thali, served too late, over-spiced with lies, and rejected by an audience no longer hungry for his stale recipe.",https://www.reddit.com/r/CriticalThinkingIndia/comments/1na8cbd/the_bengal_files_viveks_reheated_propaganda_thali/,forthright-folk,0,48,2025-09-06 19:24:12,AutoModerator,"Hello, u/forthright-folk! Thank you for contributing to r/CriticalThinkingIndia.  
 We appreciate your effort to keep this community thoughtful and engaging.  

**• If your post is a photo or video:** Please provide the original source in a comment below. 

**• If your post is a link:** Share a brief summary or key insights from the link to spark discussion. 

**• If your post is text-based:** Make sure it provides context, reasoning, or a question to invite dialogue.  

  **Reminder:** Low-effort content, rage-bait, or personal attacks will be removed. Please review our [rules](https://www.reddit.com/r/CriticalThinkingIndia/about/rules) to help maintain a space for rational and respectful discourse.  
  
   If you notice any comments violating subreddit rules, please use the **Report** option so moderators can review and take appropriate action.

  By adding context and engaging with comments, you help elevate the quality of discussion for everyone.

*I am a bot, and this action was performed automatically. Please [contact the moderators of this subreddit](/message/compose/?to=/r/CriticalThinkingIndia) if you have any questions or concerns.*",1.0,2025-09-06 19:24:12,0.5111399999999999,0.0,0.5111399999999999,0,0
bomb India,all,"The Bengal Files: Vivek’s reheated propaganda thali, served too late, over-spiced with lies, and rejected by an audience no longer hungry for his stale recipe.",https://www.reddit.com/r/CriticalThinkingIndia/comments/1na8cbd/the_bengal_files_viveks_reheated_propaganda_thali/,forthright-folk,0,48,2025-09-06 19:24:12,Old-Zookeepergame937,Liberals gaslighting people to deny atrocities happened against them.they shield the worst of humanity and believe themselves to be morally superior.nothing happened in Kashmir nothing happened in Direct action day. If something happened it was the fault of hindus.go on keep gaslighting people keep denying atrocities happened against them keep calling it propaganda i have read enough history to know how this ends you will too.people who want to be left alone leave them alone keep your gaslighting to yourself.when people reliaze they won't be left alone they will make everyone pay.,9.0,2025-09-06 20:05:14,0.5111399999999999,0.5705399999999999,0.5705399999999999,0,1
bomb India,all,"The Bengal Files: Vivek’s reheated propaganda thali, served too late, over-spiced with lies, and rejected by an audience no longer hungry for his stale recipe.",https://www.reddit.com/r/CriticalThinkingIndia/comments/1na8cbd/the_bengal_files_viveks_reheated_propaganda_thali/,forthright-folk,0,48,2025-09-06 19:24:12,,[removed],3.0,2025-09-06 21:37:57,0.5111399999999999,0.0,0.5111399999999999,0,0
bomb India,all,"The Bengal Files: Vivek’s reheated propaganda thali, served too late, over-spiced with lies, and rejected by an audience no longer hungry for his stale recipe.",https://www.reddit.com/r/CriticalThinkingIndia/comments/1na8cbd/the_bengal_files_viveks_reheated_propaganda_thali/,forthright-folk,0,48,2025-09-06 19:24:12,thalantony,"A guy from Kerala crying about ""propaganda"". The irony. Fortunately no one gives a shit about your opinion",4.0,2025-09-06 22:36:43,0.5111399999999999,0.50652,0.5111399999999999,0,1
bomb India,all,"The Bengal Files: Vivek’s reheated propaganda thali, served too late, over-spiced with lies, and rejected by an audience no longer hungry for his stale recipe.",https://www.reddit.com/r/CriticalThinkingIndia/comments/1na8cbd/the_bengal_files_viveks_reheated_propaganda_thali/,forthright-folk,0,48,2025-09-06 19:24:12,pratyush_1991,"So Kashmiri Pandit killing and subsequent exodus was propaganda?

Movie had its own flaws, but its portrayal of neighbours betrayal, brutal killing ( Search Girija Tickoo), calls for  men to flee and leave women from Masjids and ecosystem in bed with Kashmiri militants who admitted killing IAF officer ( read Yasin Malik who infamously even shook hands with Manmohan Singh)  etc was not propaganda. Its delusional and cunning fools who whitewash every event where Hindus were victim, and chant it up as Propaganda 


And i would trust a toilet paper more than Hindu reviews of any film which doesn’t suit the narrative of Left

By the way, people have already read Murshidabad riots report, so Bengal Files may or may not be hit, but at least people are not as unaware of Direct Action Day event to current state of Bengal, than what they were of Kashmiri Pandit genocide",4.0,2025-09-06 19:43:55,0.5111399999999999,0.5948399999999999,0.5948399999999999,0,1
bomb India,all,"The Bengal Files: Vivek’s reheated propaganda thali, served too late, over-spiced with lies, and rejected by an audience no longer hungry for his stale recipe.",https://www.reddit.com/r/CriticalThinkingIndia/comments/1na8cbd/the_bengal_files_viveks_reheated_propaganda_thali/,forthright-folk,0,48,2025-09-06 19:24:12,Quant_Maths,"wtff propoganda?? Wiping out the entire hindu population in kashmir, Forcing them to leave their home, klling them, killing the indian armies there, terrorist like yakub menon who wants to divide kashmir from India, bish what propoganda?...Will feel grieve for palest!ne even though your entire existence and your ancestors have nothing to do with them, ""You just have to be human to see genocide happening there"" but same thing you won't feel for your own country: kashmir or even west bengal. Douche bag. Will only feel pain for musl!ms around the world but when genocide in your own country happens, you will be silent",2.0,2025-09-07 00:06:32,0.5111399999999999,0.8671257648953301,0.8671257648953301,0,0
bomb India,all,"The Bengal Files: Vivek’s reheated propaganda thali, served too late, over-spiced with lies, and rejected by an audience no longer hungry for his stale recipe.",https://www.reddit.com/r/CriticalThinkingIndia/comments/1na8cbd/the_bengal_files_viveks_reheated_propaganda_thali/,forthright-folk,0,48,2025-09-06 19:24:12,Signal_Tomato_4855,U are rejecting the fact? What happened to Bengalis in 1975,3.0,2025-09-06 19:43:27,0.5111399999999999,0.0,0.5111399999999999,0,0
bomb India,all,"The Bengal Files: Vivek’s reheated propaganda thali, served too late, over-spiced with lies, and rejected by an audience no longer hungry for his stale recipe.",https://www.reddit.com/r/CriticalThinkingIndia/comments/1na8cbd/the_bengal_files_viveks_reheated_propaganda_thali/,forthright-folk,0,48,2025-09-06 19:24:12,forthright-folk,Give an eg. of a liberal saying “nothing happnd in Kshmr or nothin happnd on DAD”,-1.0,2025-09-06 20:08:30,0.5111399999999999,0.0,0.5111399999999999,0,0
bomb India,all,"The Bengal Files: Vivek’s reheated propaganda thali, served too late, over-spiced with lies, and rejected by an audience no longer hungry for his stale recipe.",https://www.reddit.com/r/CriticalThinkingIndia/comments/1na8cbd/the_bengal_files_viveks_reheated_propaganda_thali/,forthright-folk,0,48,2025-09-06 19:24:12,CriticalThinkingIndia-ModTeam,"---
# Uncivil Behaviour and Abusive Language

Users may not direct abuse toward other users, nor may they use profanity or derogatory language. Criticism must be directed at ideas, not individuals. Personal attacks, name-calling, and harassment are strictly prohibited. Members are expected to maintain a civil tone at all times.

**Penalty:** Temporary bans of 3, 7, 14, or 30 days, escalating with severity or repetition.


---",1.0,2025-09-07 03:31:38,0.5111399999999999,0.42168,0.5111399999999999,0,0
bomb India,all,"The Bengal Files: Vivek’s reheated propaganda thali, served too late, over-spiced with lies, and rejected by an audience no longer hungry for his stale recipe.",https://www.reddit.com/r/CriticalThinkingIndia/comments/1na8cbd/the_bengal_files_viveks_reheated_propaganda_thali/,forthright-folk,0,48,2025-09-06 19:24:12,forthright-folk,Wat’s d irony?,2.0,2025-09-06 22:49:10,0.5111399999999999,0.0,0.5111399999999999,0,0
bomb India,all,60 Years Since India's Bold Strike in the 1965 Indo-Pak War,https://www.reddit.com/r/DefenceProfessionals/comments/1na54jq/60_years_since_indias_bold_strike_in_the_1965/,Suspicious_Bug4112,1,0,2025-09-06 17:17:32,,,,,0.0,0.0,0.0,0,0
bomb India,all,What A Day: Department Of Make Things Go Boom by Matt Berg & Crooked Media (09/05/25),https://www.reddit.com/r/FriendsofthePod/comments/1na1qeg/what_a_day_department_of_make_things_go_boom_by/,kittehgoesmeow,1,0,2025-09-06 15:01:08,,,,,0.0,0.0,0.0,0,0
bomb India,all,Patna Man Who Sent '400 kg RDX' Threat To Mumbai Police Arrested In Noida,https://i.redd.it/ce6lnbzi4knf1.png,Beautiful_Mengo,140,8,2025-09-06 14:46:29,FelixPlatypus,"I knew this was some fake shit when I read the name 'Lashkar-e-Jihadi.'

He might as well have signed it 'Abdul Namazuddin al-Biryani.'",65.0,2025-09-06 18:20:20,0.45474,0.40847999999999995,0.45474,0,0
bomb India,all,Patna Man Who Sent '400 kg RDX' Threat To Mumbai Police Arrested In Noida,https://i.redd.it/ce6lnbzi4knf1.png,Beautiful_Mengo,140,8,2025-09-06 14:46:29,BadrT,Average Ch0de.,22.0,2025-09-06 21:02:18,0.45474,0.0,0.45474,0,0
bomb India,all,Patna Man Who Sent '400 kg RDX' Threat To Mumbai Police Arrested In Noida,https://i.redd.it/ce6lnbzi4knf1.png,Beautiful_Mengo,140,8,2025-09-06 14:46:29,Head_Opportunity2651,Not everyone is an Amit Shah to pull something like this off ,37.0,2025-09-06 18:23:48,0.45474,0.0,0.45474,0,0
bomb India,all,Patna Man Who Sent '400 kg RDX' Threat To Mumbai Police Arrested In Noida,https://i.redd.it/ce6lnbzi4knf1.png,Beautiful_Mengo,140,8,2025-09-06 14:46:29,calvincat123,Yet another example of chaddis and their love of false flag ops,16.0,2025-09-06 21:09:49,0.45474,0.0,0.45474,0,0
bomb India,all,Patna Man Who Sent '400 kg RDX' Threat To Mumbai Police Arrested In Noida,https://i.redd.it/ce6lnbzi4knf1.png,Beautiful_Mengo,140,8,2025-09-06 14:46:29,Ok_Bowl4160,"trust me bro he is moslem converted one day ago , hendu never terrorist bro /s",11.0,2025-09-07 03:51:59,0.45474,0.08205128205128208,0.45474,0,0
bomb India,all,Patna Man Who Sent '400 kg RDX' Threat To Mumbai Police Arrested In Noida,https://i.redd.it/ce6lnbzi4knf1.png,Beautiful_Mengo,140,8,2025-09-06 14:46:29,sir_adolf,"![gif](giphy|I2u0pcOhygdqNSMQyv|downsized)

Is this him? 😱😱😱😱",2.0,2025-09-07 13:21:50,0.45474,0.0,0.45474,0,0
bomb India,all,Patna Man Who Sent '400 kg RDX' Threat To Mumbai Police Arrested In Noida,https://i.redd.it/ce6lnbzi4knf1.png,Beautiful_Mengo,140,8,2025-09-06 14:46:29,Due-Freedom-4321,"Al-Salad Al-Biriyani

https://preview.redd.it/fgtxoi62nqnf1.jpeg?width=300&format=pjpg&auto=webp&s=2fc8fe8561cbe96c93ff2beaa6b61226e468aef0",7.0,2025-09-07 07:38:45,0.45474,0.0,0.45474,0,0
bomb India,all,Patna Man Who Sent '400 kg RDX' Threat To Mumbai Police Arrested In Noida,https://i.redd.it/ce6lnbzi4knf1.png,Beautiful_Mengo,140,8,2025-09-06 14:46:29,Icy_Hall2824,saar\*,0.0,2025-09-07 14:03:49,0.45474,0.0,0.45474,0,0
Free Kashmir,all,SOTD: Layering Ojar and Abu Zari,https://www.reddit.com/gallery/1navxfb,Huge_Fan8717,1,0,2025-09-07 15:19:53,,,,,0.0,0.0,0.0,0,0
Free Kashmir,all,I’m Nizam – World’s Smallest Traveller & Hitchhiker (3.10 ft). Exploring India through Unity & Adventure 🌍🚗✋,https://i.redd.it/l7wpchrjmlnf1.jpeg,Psycho_Buddy,1,0,2025-09-06 19:49:23,,,,,0.0,0.0,0.0,0,0
Free Kashmir,all,Wikipedia can go and f itself,https://i.redd.it/c7pygqyv4lnf1.jpeg,Dracula101,197,44,2025-09-06 18:12:03,,[removed],41.0,2025-09-06 19:14:58,0.0,0.0,0.0,0,0
Free Kashmir,all,Wikipedia can go and f itself,https://i.redd.it/c7pygqyv4lnf1.jpeg,Dracula101,197,44,2025-09-06 18:12:03,Iknowthisshitt,No one trust wiki now.. bullshit biased platform,24.0,2025-09-06 18:23:58,0.0,0.35153999999999996,0.35153999999999996,0,0
Free Kashmir,all,Wikipedia can go and f itself,https://i.redd.it/c7pygqyv4lnf1.jpeg,Dracula101,197,44,2025-09-06 18:12:03,Fast-Philosopher-356,"not anymore

https://preview.redd.it/fu0ehy8r3mnf1.png?width=1408&format=png&auto=webp&s=eaa15904bceb33dfdba0405fc247c6baa8e3b857",32.0,2025-09-06 21:25:57,0.0,0.0,0.0,0,0
Free Kashmir,all,Wikipedia can go and f itself,https://i.redd.it/c7pygqyv4lnf1.jpeg,Dracula101,197,44,2025-09-06 18:12:03,Soldier_Of_Life,Wikipedia is naturally a leftist organization,13.0,2025-09-07 04:13:09,0.0,0.0,0.0,0,0
Free Kashmir,all,Wikipedia can go and f itself,https://i.redd.it/c7pygqyv4lnf1.jpeg,Dracula101,197,44,2025-09-06 18:12:03,No-Image-2953,"Wikipedia doesn't write itself, authors use it, I think anyone can edit it too",7.0,2025-09-07 01:52:20,0.0,0.0,0.0,0,0
Free Kashmir,all,Wikipedia can go and f itself,https://i.redd.it/c7pygqyv4lnf1.jpeg,Dracula101,197,44,2025-09-06 18:12:03,Left_Internal827,"Let's edit it then ?

Wikipedia is a open website",9.0,2025-09-07 02:55:25,0.0,0.0,0.0,0,0
Free Kashmir,all,Wikipedia can go and f itself,https://i.redd.it/c7pygqyv4lnf1.jpeg,Dracula101,197,44,2025-09-06 18:12:03,Digest_it-,Not sure if it can F itself but surely some else is with all this misinformation!! How ridiculous is Wikipedia when any one can make edits and changes!!,5.0,2025-09-07 04:20:02,0.0,0.40146,0.40146,0,0
Free Kashmir,all,Wikipedia can go and f itself,https://i.redd.it/c7pygqyv4lnf1.jpeg,Dracula101,197,44,2025-09-06 18:12:03,m0h1tkumaar,"This has fingerprints of trangebellam all over it. Frankly, with Chatgpt, the only use i have left of wikipedia is photos. ",4.0,2025-09-07 04:56:29,0.0,0.0,0.0,0,0
Free Kashmir,all,Wikipedia can go and f itself,https://i.redd.it/c7pygqyv4lnf1.jpeg,Dracula101,197,44,2025-09-06 18:12:03,Wooden-Albatross-304,I checked just now it got deleted,3.0,2025-09-07 01:25:55,0.0,0.0,0.0,0,0
Free Kashmir,all,Wikipedia can go and f itself,https://i.redd.it/c7pygqyv4lnf1.jpeg,Dracula101,197,44,2025-09-06 18:12:03,Admirable-Star-2416,The site went wok few years ago,3.0,2025-09-07 09:36:02,0.0,0.0,0.0,0,0
Free Kashmir,all,What Next For Us ?,https://www.reddit.com/r/NepalSocial/comments/1na4akr/what_next_for_us/,envy_local,4,1,2025-09-06 16:44:01,AutoModerator,"Thanks for making a submission. Please use an appropriate flair for better reach and response. In case of a NSFW post, use ""sax sux"" flair and tag it as NSFW. Otherwise, the post will be removed.

*I am a bot, and this action was performed automatically. Please [contact the moderators of this subreddit](/message/compose/?to=/r/NepalSocial) if you have any questions or concerns.*",1.0,2025-09-06 16:44:02,0.0,0.0,0.0,0,0
Free Kashmir,all,Pakistan but Stable and Democratic,https://i.redd.it/7kj3zwwjzcnf1.png,alvayyati,303,90,2025-09-05 14:47:39,Foolishium,So Kashmir is still independent?,24.0,2025-09-05 15:27:48,0.0,0.0,0.0,0,0
Free Kashmir,all,Pakistan but Stable and Democratic,https://i.redd.it/7kj3zwwjzcnf1.png,alvayyati,303,90,2025-09-05 14:47:39,Enough_adss,"This map screams your Indian bias and illiteracy about Pakistan's history and current politics

The people of Gilgit Baltistan and Azad Kashmir (both muslim-majority areas) fought a war of independence against Kashmir's ascension to India. Kashmir at best could be partitioned, not completely given away.

Bangladesh's independence was a direct result of the military government's treatment of bengalis in the 60s, the lack of state support after the cyclone, the rejection of the 1970 election results and Operation SearchLight. None of those things will happen in a democratic Pakistan so there is no way East Bengal will gain independence. (Democracy means East Bengal gets its autonomy within the Pakistani state)

Islamabad was created by the military dictator in the 60s to move and concentrate power next to the military center in Rawalpindi. It was an extremely unpopular decision. A democratic Pakistan means the capital is never moved from Karachi (the political center of Pakistan before 1970).

Maryam Nawaz in OTL is part of a political dynasty which was given political power by a military dictator. That family will not naturally become politically significant in a natural democracy.",58.0,2025-09-05 15:55:41,0.0,0.31254,0.31254,0,0
Free Kashmir,all,Pakistan but Stable and Democratic,https://i.redd.it/7kj3zwwjzcnf1.png,alvayyati,303,90,2025-09-05 14:47:39,Assyrian_Nation,The map style is amazing,6.0,2025-09-05 16:07:40,0.0,0.0,0.0,0,0
Free Kashmir,all,Pakistan but Stable and Democratic,https://i.redd.it/7kj3zwwjzcnf1.png,alvayyati,303,90,2025-09-05 14:47:39,OneGunBullet,"Others have already mentioned all the ways this map sucks but, as a Bangladeshi: A timeline where Pakistan's leadership actually cares about its people is a timeline where Pakistan doesn't exist. Muslims would just have autonomy within a united India.",4.0,2025-09-06 04:28:03,0.0,0.0,0.0,0,0
Free Kashmir,all,Pakistan but Stable and Democratic,https://i.redd.it/7kj3zwwjzcnf1.png,alvayyati,303,90,2025-09-05 14:47:39,Acceptable_Pilot_905,How is India economically in this ?,2.0,2025-09-05 17:44:23,0.0,0.0,0.0,0,0
Free Kashmir,all,Pakistan but Stable and Democratic,https://i.redd.it/7kj3zwwjzcnf1.png,alvayyati,303,90,2025-09-05 14:47:39,Xi_JinpingXIV,"In this timeline, Pakistan still has not respected the Pashtuns who voted to reunite with Afghanistan.",6.0,2025-09-05 20:24:45,0.0,0.0,0.0,0,0
Free Kashmir,all,Pakistan but Stable and Democratic,https://i.redd.it/7kj3zwwjzcnf1.png,alvayyati,303,90,2025-09-05 14:47:39,IndividualNo5275,Now i want a democratic Russia and a diverse Caucasus,5.0,2025-09-05 16:14:48,0.0,0.0,0.0,0,0
Free Kashmir,all,Pakistan but Stable and Democratic,https://i.redd.it/7kj3zwwjzcnf1.png,alvayyati,303,90,2025-09-05 14:47:39,Ok_Way_1625,"Definitely made by an Indian. India unrightfully took Kashmir, yet Pakistanis are the bad guys for not letting it happen.

Next draw a peaceful India, where they didn't invade Kashmir, and let hydrabad and Junagadh remain independent.",14.0,2025-09-05 15:42:58,0.0,0.0,0.0,0,0
Free Kashmir,all,Pakistan but Stable and Democratic,https://i.redd.it/7kj3zwwjzcnf1.png,alvayyati,303,90,2025-09-05 14:47:39,cheese_bruh,"Yeah I already know this is impossible when you have Maryam Nawaz as president, WITH Imran Khan as PM 💀

As far as the other comments go that this is Indian propaganda, it could be worse. Also why is Islamabad in southern Punjab?",4.0,2025-09-05 17:45:11,0.0,0.0,0.0,0,0
Free Kashmir,all,Pakistan but Stable and Democratic,https://i.redd.it/7kj3zwwjzcnf1.png,alvayyati,303,90,2025-09-05 14:47:39,MrEfffsola,If Pakistan was a stable democracy a mentally unstable nepo baby like Maryam Nawaz wouldn’t even be elected a district councillor yet alone the be the president,1.0,2025-09-06 13:43:20,0.0,0.0,0.0,0,0
Free Kashmir,all,Why BJP should win 2029 elections,https://www.reddit.com/r/surat/comments/1n8zcba/why_bjp_should_win_2029_elections/,iam_viivaciouss,0,3,2025-09-05 08:07:11,selfishcreature343,What in the bjp it cell nonsense is this lol,5.0,2025-09-05 08:37:53,0.0,0.0,0.0,0,0
Free Kashmir,all,Why BJP should win 2029 elections,https://www.reddit.com/r/surat/comments/1n8zcba/why_bjp_should_win_2029_elections/,iam_viivaciouss,0,3,2025-09-05 08:07:11,,[deleted],-3.0,2025-09-05 08:39:01,0.0,0.0,0.0,0,0
Free Kashmir,all,Why BJP should win 2029 elections,https://www.reddit.com/r/surat/comments/1n8zcba/why_bjp_should_win_2029_elections/,iam_viivaciouss,0,3,2025-09-05 08:07:11,DotPuzzleheaded7780,No matter what happens no more vote for Modi or BJP. They have looted more than any other party in history.,1.0,2025-09-05 09:15:23,0.0,0.0,0.0,0,0
Free Kashmir,all,Why BJP must win in 2029,https://www.reddit.com/r/IndiaSpeaks/comments/1n8yoyg/why_bjp_must_win_in_2029/,Wooden-Albatross-304,442,316,2025-09-05 07:23:32,Hardy_28,We need party C Asap. Both BJP and Congress have gone into gutter.,462.0,2025-09-05 07:50:48,0.0,0.0,0.0,0,0
Free Kashmir,all,Why BJP must win in 2029,https://www.reddit.com/r/IndiaSpeaks/comments/1n8yoyg/why_bjp_must_win_in_2029/,Wooden-Albatross-304,442,316,2025-09-05 07:23:32,FlowerBest,All are corrupt,42.0,2025-09-05 07:56:30,0.0,0.0,0.0,0,0
Free Kashmir,all,Why BJP must win in 2029,https://www.reddit.com/r/IndiaSpeaks/comments/1n8yoyg/why_bjp_must_win_in_2029/,Wooden-Albatross-304,442,316,2025-09-05 07:23:32,cursed_aka_blessed,Freebies culture is embraced by BJP as well and to a way larger cost than INDI Alliance combined,561.0,2025-09-05 07:43:45,0.0,0.0,0.0,0,0
Free Kashmir,all,Why BJP must win in 2029,https://www.reddit.com/r/IndiaSpeaks/comments/1n8yoyg/why_bjp_must_win_in_2029/,Wooden-Albatross-304,442,316,2025-09-05 07:23:32,unknowinglyknown96,"Im looking at districts in kerala ,which all festivals banned , temples silenced?",6.0,2025-09-05 09:53:17,0.0,0.0,0.0,0,0
Free Kashmir,all,Why BJP must win in 2029,https://www.reddit.com/r/IndiaSpeaks/comments/1n8yoyg/why_bjp_must_win_in_2029/,Wooden-Albatross-304,442,316,2025-09-05 07:23:32,Famous_Rocky,"Until congress gets rid of Gandhi family, I am not voting for congress . 
We are 1.5billion ppl we have enough ppl who are intelligent and smart to run the country, we have to come out of slavery.",7.0,2025-09-05 11:23:40,0.0,0.0,0.0,0,0
Free Kashmir,all,Why BJP must win in 2029,https://www.reddit.com/r/IndiaSpeaks/comments/1n8yoyg/why_bjp_must_win_in_2029/,Wooden-Albatross-304,442,316,2025-09-05 07:23:32,Competitive_3rd_Leg,Aren't freebies mostly in BJP ruled states disguised as social welfare and women empowerment schemes. 2029 should be decided when both publish their manifesto,98.0,2025-09-05 07:33:57,0.0,0.31908000000000003,0.31908000000000003,0,0
Free Kashmir,all,Why BJP must win in 2029,https://www.reddit.com/r/IndiaSpeaks/comments/1n8yoyg/why_bjp_must_win_in_2029/,Wooden-Albatross-304,442,316,2025-09-05 07:23:32,TataHexagone2020,Sounds like a propaganda post. These arseholes are the same people who brought out e20 for personal gain,32.0,2025-09-05 08:53:21,0.0,0.0,0.0,0,0
Free Kashmir,all,Why BJP must win in 2029,https://www.reddit.com/r/IndiaSpeaks/comments/1n8yoyg/why_bjp_must_win_in_2029/,Wooden-Albatross-304,442,316,2025-09-05 07:23:32,gaganramachandra,"BJP had 11 years - and in the last 3 years, we've been declining. (I say 3 instead of 6 because of covid)

Our trade balance has become worse. 
Our trade to GDP ratio has become worse.
Our youth unemployment rate has increased. 
Our tariffs have increased. 

Specifically, if I consider my vote category, I fall into: productive workforce, car user, middle class. For me, taxes have gone up, cars and fuel have become more expensive, fuel quality has degraded. 

For now, I am done with BJP. I'd rather vote for anyone else. Maybe congress has improved, maybe not (likely not). But, BJP has definitely made my life more difficult. They have definitely proved that they do not deserve my vote. 

They have 4 more years. If they do good work, I am open to changing my mind. Ball's in their court.",50.0,2025-09-05 08:13:15,0.0,0.0,0.0,0,0
Free Kashmir,all,Why BJP must win in 2029,https://www.reddit.com/r/IndiaSpeaks/comments/1n8yoyg/why_bjp_must_win_in_2029/,Wooden-Albatross-304,442,316,2025-09-05 07:23:32,RuddyKaul,"🔎 Fact-checking “Why BJP must win 2029”

1️⃣ Congress kept India poor?
Nope. Congress govt (1991) brought economic liberalization → IT, startups, global trade all possible today.
India’s fastest growth decade (2004–14) was under UPA: ~7.5% avg GDP growth.

2️⃣ Only Congress gives freebies?
Wrong. BJP also gives subsidies: PM-Kisan, free ration, Ayushman Bharat, housing, LPG.
Welfare exists under all parties.

3️⃣ Coalition = Chaos?
UPA ran 10 yrs of stable govt, passed RTI, MNREGA, RTE, navigated 2008 crisis.
BJP too relies on coalitions (38 allies in NDA).

4️⃣ Hinduism under threat?
False. Hindus remain ~80% of India’s population.
Temples, pilgrimages, festivals flourish under all govts.

5️⃣ Demographic Jihad?
Myth. Fertility rates: Hindus 1.9, Muslims 2.3 (falling fast, from 4.4 in 1992).
Both near replacement. Muslims will never outnumber Hindus in India.

6️⃣ BJP = Only option for survival?
India has thrived under many leaders: Nehru (nation-building), Rao-Manmohan (reforms), Vajpayee (infrastructure).


---

✅ Reality check:
India’s challenges = jobs, inequality, healthcare, climate.
Not “civilizational survival.”
Both BJP & Congress shaped India. No single party = savior.

Edit : Before y'all start calling me out, Congress sucks just as bad as BJP and I'm not taking any sides.",277.0,2025-09-05 07:59:25,0.0,0.0,0.0,0,0
Free Kashmir,all,Why BJP must win in 2029,https://www.reddit.com/r/IndiaSpeaks/comments/1n8yoyg/why_bjp_must_win_in_2029/,Wooden-Albatross-304,442,316,2025-09-05 07:23:32,Dry-Feeling-6797,"Sorry to say slowly BJP is becoming congress and Congress is becoming Muzlim League!


BJP might win but we need to move away from socialism BS",61.0,2025-09-05 07:49:30,0.0,0.0,0.0,0,0
Free Kashmir,all,Why BJP must win in 2029,https://www.reddit.com/r/indiadiscussion/comments/1n8yo5g/why_bjp_must_win_in_2029/,Wooden-Albatross-304,162,254,2025-09-05 07:21:58,Almost_Affine,"tbh that is the reason why most of the people vote for BJP, because we really don't have any other option. If we think about voting for congress then well, they will cause our nation to go to shambles, removal of the 50% cap on reservations, 1 lakh per annum to families and so on. At this point we should stop talking about merit even, and I am not pointing only congress, hell even BJP with their ""Lado Lakshmi Yojana"" in haryana and even maharashtra, some of these freebies have more budget allocation than ISRO's annual budget!",70.0,2025-09-05 12:57:05,0.0,0.0,0.0,0,0
Free Kashmir,all,Why BJP must win in 2029,https://www.reddit.com/r/indiadiscussion/comments/1n8yo5g/why_bjp_must_win_in_2029/,Wooden-Albatross-304,162,254,2025-09-05 07:21:58,Character_Web_2976,"The main problem in India is we dont have political parties   we have family based pvt ltd campany  as parties. 

 Like owner of congress is Gandhi family, 
Owner  of samjwadi is Akhilesh family ,   Owner of  Rjd is lalu family,   Owner of AAP is kijrewal,  Owner of Dmk is Stalin family,   Owner of NCP is Pawar family,  Owner of Shivsena is  Thakrey family.",17.0,2025-09-05 18:59:18,0.0,0.34452,0.34452,0,0
Free Kashmir,all,Why BJP must win in 2029,https://www.reddit.com/r/indiadiscussion/comments/1n8yo5g/why_bjp_must_win_in_2029/,Wooden-Albatross-304,162,254,2025-09-05 07:21:58,Razor732103,"I don't care abt any parties, I just vote whoever I feel suitable. I would have voted for Congress, but they yapping about reservations above 50% AND in private places too and those same old manifesto made me go for BJP. The day there is some new party, or when Congress genuinely talks about welfare and development, I will vote them. For now it's BJP.",8.0,2025-09-06 04:00:06,0.0,0.0,0.0,0,0
Free Kashmir,all,Why BJP must win in 2029,https://www.reddit.com/r/indiadiscussion/comments/1n8yo5g/why_bjp_must_win_in_2029/,Wooden-Albatross-304,162,254,2025-09-05 07:21:58,digital_idiot3,"Reservations cap removal, Private sector reservations, wealth redistribution thing that Rahul says, and their appeasement for letting riots and crime happen but still not taking action on a particular community(this affects our safety and law and order directly)  , these are my top reasons which will never let me vote for Congress despite BJP failures and Congress' Appeals",5.0,2025-09-06 04:35:24,0.0,0.0,0.0,0,0
Free Kashmir,all,Why BJP must win in 2029,https://www.reddit.com/r/indiadiscussion/comments/1n8yo5g/why_bjp_must_win_in_2029/,Wooden-Albatross-304,162,254,2025-09-05 07:21:58,Fit_Mention_4770,"My fellow Indians,
Today, our nation does not need division, nor hatred. What we need is unity, courage, and the will to stand together against corruption and the crimes of those who misuse power.

For too long, we have been divided in the name of religion. But remember—our enemy is not each other. Our enemy is the corruption, greed, and injustice carried out by those who betray our trust.

In our Hindu scriptures, the Kalki Avatar is spoken of—not as a distant savior, but as the spirit within us. It is we, the ordinary citizens with morals and ethics, who must rise to fight the monsters of Kalyug.

India is not the land of corrupt politicians or the privileged few. India is the land of sovereignty, fraternity, and liberty—of every single common citizen.

Our ancestors fought the British with courage and wisdom. Today, we must fight a different battle—with unity, with truth, and with the power of our voices.

If we remain silent today, tomorrow our suffering will only deepen. So let us rise, let us unite, and let us raise our voices together. Because only then will our beloved Bharat shine in its true glory.
  
         India’s greatness lies in its citizens, not its politicians.

Any political party may win an  elections but main principle is politician should afraid of the common public.",7.0,2025-09-05 19:55:06,0.0,0.0,0.0,0,0
Free Kashmir,all,Why BJP must win in 2029,https://www.reddit.com/r/indiadiscussion/comments/1n8yo5g/why_bjp_must_win_in_2029/,Wooden-Albatross-304,162,254,2025-09-05 07:21:58,Content_Quit_4772,"This👆, It's sad to see the country in such condition despite it's almost 80 years since independence. In the same period other countries have gone rugs to richs, built their systematic, Intellectual & industrial abilities while India here still being dysfunctional republic as a whole, where corrupt, unserious ideas thrived innovation, serious governance have gone into dustbin.  

The mess that is country today is the result of systematic failure, the republic never saw timeline where wave of robust policies, steps, ideas & vision maxxing existed. All it saw keeping its population & framework blind, deluded & systematically miserable. High time to get above this.",22.0,2025-09-05 11:11:53,0.0,0.35153999999999996,0.35153999999999996,0,0
Free Kashmir,all,Why BJP must win in 2029,https://www.reddit.com/r/indiadiscussion/comments/1n8yo5g/why_bjp_must_win_in_2029/,Wooden-Albatross-304,162,254,2025-09-05 07:21:58,Pure-Ad6791,Man I hope we had another national party except congress which didn't do excessive socialism and welfare and actually promised growth.,8.0,2025-09-05 15:35:33,0.0,0.0,0.0,0,0
Free Kashmir,all,Why BJP must win in 2029,https://www.reddit.com/r/indiadiscussion/comments/1n8yo5g/why_bjp_must_win_in_2029/,Wooden-Albatross-304,162,254,2025-09-05 07:21:58,quicknb,"This country is already in bad shape & will be doomed if this happens. End of whole country & society will begin if BJP fails . Bomb blast  , no law & order , open crimes by muslims will be seen . How we can forget the past to easily even present when everything in front of our eyes. God knows. Whole twitter.is a leftist propaganda.& Now reddit is same. If BJP FAILS forget the strong big nation image of india. We will be defeated by a piece of shit pak. Already in india immigration is the biggest issue. India now need is strong power against immigration. Mark my word if these anti hindu narrative stays . We are doomed.",3.0,2025-09-07 05:36:21,0.0,0.58554,0.58554,0,1
Free Kashmir,all,Why BJP must win in 2029,https://www.reddit.com/r/indiadiscussion/comments/1n8yo5g/why_bjp_must_win_in_2029/,Wooden-Albatross-304,162,254,2025-09-05 07:21:58,VivekJShah,It will be dooms day if BJP lost next election.  Hope HINOs will be contained in time.,18.0,2025-09-05 11:02:51,0.0,0.0,0.0,0,0
Free Kashmir,all,Why BJP must win in 2029,https://www.reddit.com/r/indiadiscussion/comments/1n8yo5g/why_bjp_must_win_in_2029/,Wooden-Albatross-304,162,254,2025-09-05 07:21:58,LionSupremacist,"Nothing new. Same arguments repeated since pre 2014...  
Scare people with congress/muslim/resevation/illegal immigration --> get in power --> do nothing and instead continue with appeasement and corruption --> when you see popularity dip then go back to set of arguments and do token politics.

Basically herding Hindu sheeps like this since pre 2014, with no on-ground improvement in the situation.",16.0,2025-09-05 15:52:32,0.0,0.0,0.0,0,0
Free Kashmir,all,Zee Studios Films Accused of BJP/Hindutva Propaganda (2000–2025),https://www.reddit.com/r/sundaysarthak/comments/1n8kgav/zee_studios_films_accused_of_bjphindutva/,LingonBerryGloomy954,4,15,2025-09-04 19:58:02,CrissPDuck,It's become apparent now that Vivek Agnihotri is a modern-day Leni Riefenstahl.,4.0,2025-09-05 09:25:07,0.0,0.0,0.0,0,0
Free Kashmir,all,Zee Studios Films Accused of BJP/Hindutva Propaganda (2000–2025),https://www.reddit.com/r/sundaysarthak/comments/1n8kgav/zee_studios_films_accused_of_bjphindutva/,LingonBerryGloomy954,4,15,2025-09-04 19:58:02,Spare_Original_4334,"One of the diverse sources is Al Jazeera- a Qatar government mouthpiece for Islamists.

Whatever be the case, they are free to make a movie. If people can make Ashram, Haider (that showed Martand Sun Temple as Shaitan ki Gufa), why not show anything else, even if that pricks you.",3.0,2025-09-05 03:47:10,0.0,0.0,0.0,0,0
Free Kashmir,all,Zee Studios Films Accused of BJP/Hindutva Propaganda (2000–2025),https://www.reddit.com/r/sundaysarthak/comments/1n8kgav/zee_studios_films_accused_of_bjphindutva/,LingonBerryGloomy954,4,15,2025-09-04 19:58:02,Fluid_Score_1924,"I stopped reading at “love jihad myth.” If you genuinely think that’s a myth, then there’s really no point in continuing this argument.",0.0,2025-09-04 23:43:43,0.0,0.44430000000000003,0.44430000000000003,0,0
Free Kashmir,all,Zee Studios Films Accused of BJP/Hindutva Propaganda (2000–2025),https://www.reddit.com/r/sundaysarthak/comments/1n8kgav/zee_studios_films_accused_of_bjphindutva/,LingonBerryGloomy954,4,15,2025-09-04 19:58:02,,Where is freedom to speech now OP? Only leftist have freedom in this country?,1.0,2025-09-05 14:12:10,0.0,0.0,0.0,0,0
Free Kashmir,all,Zee Studios Films Accused of BJP/Hindutva Propaganda (2000–2025),https://www.reddit.com/r/sundaysarthak/comments/1n8kgav/zee_studios_films_accused_of_bjphindutva/,LingonBerryGloomy954,4,15,2025-09-04 19:58:02,Ok_Resource2169,"When Bollywood was busy depicting MUGHALS as great kings, INDIAN ARMY is the oppressor in Kashmir, Hindus as villains, Hindu religion is superstitious, then all are happy. Now when some films come with Hindu ideology, people are saying that Secularism is in danger. I think more films should come with our unknown past supporting HINDU ideology.",-1.0,2025-09-05 08:43:11,0.0,0.0,0.0,0,0
Free Kashmir,all,Zee Studios Films Accused of BJP/Hindutva Propaganda (2000–2025),https://www.reddit.com/r/sundaysarthak/comments/1n8kgav/zee_studios_films_accused_of_bjphindutva/,LingonBerryGloomy954,4,15,2025-09-04 19:58:02,OkDivide2441,Parmanu and Tashkent were good. Gadar was mindless crap. Other are debatable still quoting an islamic mouthpiece newspaper is of no use.,0.0,2025-09-05 04:50:46,0.0,0.35153999999999996,0.35153999999999996,0,0
Free Kashmir,all,Zee Studios Films Accused of BJP/Hindutva Propaganda (2000–2025),https://www.reddit.com/r/sundaysarthak/comments/1n8kgav/zee_studios_films_accused_of_bjphindutva/,LingonBerryGloomy954,4,15,2025-09-04 19:58:02,Horizon_26,Problem is the inappropriate exaggerating handful of cases and not treating it as cases but associating to the whole community which breeds further hatred,1.0,2025-09-05 12:26:18,0.0,0.5041199999999999,0.5041199999999999,1,1
Free Kashmir,all,Zee Studios Films Accused of BJP/Hindutva Propaganda (2000–2025),https://www.reddit.com/r/sundaysarthak/comments/1n8kgav/zee_studios_films_accused_of_bjphindutva/,LingonBerryGloomy954,4,15,2025-09-04 19:58:02,Horizon_26,Ek proof de de from your own government…. Not cases … proof do sabhi mulle chutiya hai …. No doubt ill actors hai …. But dono side main hai,0.0,2025-09-05 12:28:07,0.0,0.30138,0.30138,0,0
Free Kashmir,all,Zee Studios Films Accused of BJP/Hindutva Propaganda (2000–2025),https://www.reddit.com/r/sundaysarthak/comments/1n8kgav/zee_studios_films_accused_of_bjphindutva/,LingonBerryGloomy954,4,15,2025-09-04 19:58:02,LingonBerryGloomy954,"Grok AI made this, not the OP.",-2.0,2025-09-05 03:51:10,0.0,0.0,0.0,0,0
Free Kashmir,all,Zee Studios Films Accused of BJP/Hindutva Propaganda (2000–2025),https://www.reddit.com/r/sundaysarthak/comments/1n8kgav/zee_studios_films_accused_of_bjphindutva/,LingonBerryGloomy954,4,15,2025-09-04 19:58:02,LingonBerryGloomy954,When did Bollywood do that?!,2.0,2025-09-05 09:11:47,0.0,0.0,0.0,0,0
Free Kashmir,all,"[SELL] [US to US] [Perfume, Hair, Body, Lip] AoE, Black Hearted Tart, BPAL, Cocoa Pink, Damask Haus, Little and Grim, LunarLife Apothecary, Maison des Animaux, NAVA, Particle Goods, Poesie, Pulp, Siren Song Elixirs, Smoky Mountain Scents, Sorce, Epically Epic, Moona",https://www.reddit.com/r/IndieExchange/comments/1n8cy0v/sell_us_to_us_perfume_hair_body_lip_aoe_black/,Yohnser23,3,1,2025-09-04 15:14:29,AutoModerator,"*Thanks for your submission to r/indieexchange!*

&nbsp;

If this is your first time here, *welcome to the sub!* Please familiarize yourself with the rules. They are listed in the sidebar, as well as [this post](https://old.reddit.com/r/IndieExchange/comments/fkq9uv/tweaked_rules_new_rules_and_rule_enforcement/), which also provides in-depth explanations so there’s no confusion.

Understand, any post that does not adhere to the rules **will** be removed and it **will** result in an infraction.

&nbsp;

*****

&nbsp;

*Check your title!* Is the formatting as follows:

Titles must include [Request/Sell/Swap], [Location], and a brief description.

  - Example 1: [Request][US] Haus of Gloi Perfumes
  
  - Example 2: [Sell][From US to Anywhere] Shiro Shadows, Haus of Gloi, and more!
  
Does it contain emojis, special characters, or unnecessary info? If so, you have **12 hrs** to:

  - Reply to this comment stating you caught an error
  
  - Delete your post
  
  - Reupload with the *correct* format
  
**All without penalty.** Please read more information regarding this [here](https://old.reddit.com/r/IndieExchange/comments/izrh0f/please_read_before_posting_detailed_information/).

&nbsp;

*****

&nbsp;

Make sure to check our up to date [banned user list](https://old.reddit.com/r/IndieExchange/comments/fkq44a/official_ban_list/), which also contains temporarily banned users.

*Remember!* Banned users, whether temporary or permanent, are prohibited from reaching out to you via DMs or chat and conducting transactions.

&nbsp;

*****

&nbsp;

Paypal's G&S option is the ***only*** monetary transaction option allowed in the sub. More information regarding this can be found on [this post](https://old.reddit.com/r/IndieExchange/comments/igkmcr/please_read_before_posting_detailed_explanation/).

&nbsp;

*****

&nbsp;

If you have any questions or concerns, please reach out to us via modmail!

*I am a bot, and this action was performed automatically. Please [contact the moderators of this subreddit](/message/compose/?to=/r/IndieExchange) if you have any questions or concerns.*",1.0,2025-09-04 15:14:29,0.31812,0.0,0.31812,0,0
