Keyword/Tag,Subreddit,Post_Title,Post_URL,Post_Author,Post_Score,Post_Comments_Count,Post_DateTime,Comment_Author,Comment_Body,Comment_Score,Comment_DateTime
Indian Leave Canada,all,Where’s the future for young people with Myopic Macular Degeneration? A personal reflection and a call to awareness,https://www.reddit.com/r/u_Puzzleheaded-Air6251/comments/1nbg38z/wheres_the_future_for_young_people_with_myopic/,Puzzleheaded-Air6251,1,0,2025-09-08 06:13:18,,,,
Indian Leave Canada,all,Guardians of Faith: Unravelling the Unique Legacy of Gupta Sikhs,https://www.reddit.com/r/u_Legitimate-Fish6944/comments/1nbfuzg/guardians_of_faith_unravelling_the_unique_legacy/,Legitimate-Fish6944,1,0,2025-09-08 05:59:40,,,,
Indian Leave Canada,all,Is the exit surgery mandatory to do after giving two weeks ?,https://www.reddit.com/r/WalmartCanada/comments/1nbfmt4/is_the_exit_surgery_mandatory_to_do_after_giving/,NumerousMacaroon532,1,1,2025-09-08 05:45:46,No-Improvement4307,I don’t know the answer but the typo in your question made me laugh. No “surgery” is mandatory lol.,2.0,2025-09-08 06:08:13
Indian Leave Canada,all,Indians Secretly Dividing Canada By Caste,https://www.youtube.com/watch?v=KnqazGkCNog,JayeshBodke,0,1,2025-09-08 05:31:46,AutoModerator,"r/AtheismIndia is in protest of Reddit's API changes that killed many 3rd party apps. [Reddit is also tracking your activity to sell to advertisers](https://old.reddit.com/r/reddit/comments/16tqihd/settings_updateschanges_to_ad_personalization/). **USE AN AD BLOCKER!**
[Official Lemmy.](https://redd.it/16xpv0r)
[Official Telegram group.](https://redd.it/105rbo8)
[Official Discord server.](https://discord.gg/ppDChZw93a)
[Read the rules before participating.](https://www.reddit.com/r/atheismindia/about/rules)

*I am a bot, and this action was performed automatically. Please [contact the moderators of this subreddit](/message/compose/?to=/r/atheismindia) if you have any questions or concerns.*",1.0,2025-09-08 05:31:46
Indian Leave Canada,all,Good education / job counsellors,https://www.reddit.com/r/Trivandrum/comments/1nbf8z7/good_education_job_counsellors/,Careless-Wolverine-8,2,0,2025-09-08 05:22:26,,,,
Indian Leave Canada,all,Confused between Career Switch,https://www.reddit.com/r/careeradvice/comments/1nbezyy/confused_between_career_switch/,MaulanaRhodes_,0,1,2025-09-08 05:07:34,Distinct_Weird6906,"hard to get sponsorship as a video editor. cs gives more options but takes time. consider remote work for international clients. maybe look into roles that combine cs and video editing. also, learning french could help with european opportunities, good move there.",1.0,2025-09-08 05:30:09
Indian Leave Canada,all,Most popular Ayurvedic or herbal remedies from our childhood,https://www.reddit.com/r/Supplements/comments/1nbevao/most_popular_ayurvedic_or_herbal_remedies_from/,Feeling_Exam9579,0,1,2025-09-08 05:00:18,AutoModerator,"Rules of r/supplements 

1.
Do Not Suggest Prescription Drugs
Posts & Comments
Reported as: Do Not Suggest Prescription Drugs
Prescription drugs are not Supplements; do not recommend prescription medication. 
Sensible/Suggest talking to DR. can be allowable etc
                  

2.
Dangerous Grey Area Substance
Posts & Comments
Reported as: Dangerous Grey Area Substance
Potentially dangerous grey area substances can not be recommended.


3.
Be Polite
Posts & Comments
Reported as: Rude/Personal Attacks
You shouldn't ever be personally attacking another user in this subreddit.


4.
No Advertisements
Posts & Comments
Reported as: Advertisement. No selling / buying / trading posts
No advertisements. No selling/trading posts between users.”


*I am a bot, and this action was performed automatically. Please [contact the moderators of this subreddit](/message/compose/?to=/r/Supplements) if you have any questions or concerns.*",1.0,2025-09-08 05:00:19
Indian Leave Canada,all,Let's do it guys!,https://i.redd.it/dxi4rf14gvnf1.jpeg,Munkeydloofee,15,0,2025-09-08 04:51:15,,,,
Indian Leave Canada,all,"My Journey with Fitness Watches: From TomTom to Garmin, and Why I Switched from Coros Pace 2 to Garmin Forerunner 265",https://www.reddit.com/r/Coros/comments/1nbejsv/my_journey_with_fitness_watches_from_tomtom_to/,Mammoth_Custard_5466,0,5,2025-09-08 04:41:37,rampantconsumerism,"LMAO at switching to Garmin for durability after experiencing button issues with Coros. Not to downplay anything else you're saying, but Garmin's mushy and flaky buttons have led me to swear off the brand permanently.",7.0,2025-09-08 04:50:40
Indian Leave Canada,all,"My Journey with Fitness Watches: From TomTom to Garmin, and Why I Switched from Coros Pace 2 to Garmin Forerunner 265",https://www.reddit.com/r/Coros/comments/1nbejsv/my_journey_with_fitness_watches_from_tomtom_to/,Mammoth_Custard_5466,0,5,2025-09-08 04:41:37,yoram-jort,"But, why not switched to a Coros with multiple buttons? And why are you comparing your lows to others highs? Ofc the situation sucks",4.0,2025-09-08 05:11:48
Indian Leave Canada,all,"My Journey with Fitness Watches: From TomTom to Garmin, and Why I Switched from Coros Pace 2 to Garmin Forerunner 265",https://www.reddit.com/r/Coros/comments/1nbejsv/my_journey_with_fitness_watches_from_tomtom_to/,Mammoth_Custard_5466,0,5,2025-09-08 04:41:37,caverunner17,"Contactless payments aren’t likely to happen anytime soon — same story as Spotify. Garmin got in early and built the partnerships, but smaller players like Coros just don’t have the resources to negotiate with banks for what’s ultimately a pretty niche user base. Even Amazfit only offers it on their mainland China models.

I’m also wary of any “up-and-coming” brand that claims they’ll be the next big contender unless they actually take user feedback seriously. That’s the Achilles heel: lots of flashy, surface-level features that look great in marketing but fall short for anyone beyond casual use. Coros was the exception — they got lucky entering right when Polar and Suunto were slipping, and they doubled down by listening to their community and improving quickly.",2.0,2025-09-08 05:06:16
Indian Leave Canada,all,"My Journey with Fitness Watches: From TomTom to Garmin, and Why I Switched from Coros Pace 2 to Garmin Forerunner 265",https://www.reddit.com/r/Coros/comments/1nbejsv/my_journey_with_fitness_watches_from_tomtom_to/,Mammoth_Custard_5466,0,5,2025-09-08 04:41:37,silv3rste1n,"With garmin you still use one button to start a workout and one to go back etc, so it doesnt really matter if you have two or three button layout. And what makes you think the garmin will last 5 years?!",2.0,2025-09-08 05:39:57
Indian Leave Canada,all,"My Journey with Fitness Watches: From TomTom to Garmin, and Why I Switched from Coros Pace 2 to Garmin Forerunner 265",https://www.reddit.com/r/Coros/comments/1nbejsv/my_journey_with_fitness_watches_from_tomtom_to/,Mammoth_Custard_5466,0,5,2025-09-08 04:41:37,itsoverthereman,"I've seen a Pace 2 have crappy HR readings and a barometer that stopped working around the end of the warranty period. Same deal, Support wasn't of much help. I'm hesitant to recommend Coros.",-1.0,2025-09-08 04:51:43
Indian Leave Canada,all,Constantly starting the conversation,https://www.reddit.com/r/TrueOffMyChest/comments/1nbeba6/constantly_starting_the_conversation/,GlossieFae,2,0,2025-09-08 04:28:10,,,,
Pakistan Zindabad,all,Can we put to rest the ridiculous notion that Afghanistan is a better team than Pakistan now?,https://www.reddit.com/r/PakCricket/comments/1nb1gd0/can_we_put_to_rest_the_ridiculous_notion_that/,Bonf-Man,41,56,2025-09-07 18:52:37,Paaros,"I like the Afghani players and team, theyre a talented bunch and, rivalry aside, their quick rise has been stunning to watch and v healthy for cricket

But yeah, calling them the 2nd best team in Asia is honestly disrespectful to both Pakistan and Sri Lanka. Afg is definitely good enough to be competitive against any team in the world, but their current squad is not ahead of Pakistans and Sri Lankas, and their history obviously pales in comparison",45.0,2025-09-07 19:16:19
Pakistan Zindabad,all,Can we put to rest the ridiculous notion that Afghanistan is a better team than Pakistan now?,https://www.reddit.com/r/PakCricket/comments/1nb1gd0/can_we_put_to_rest_the_ridiculous_notion_that/,Bonf-Man,41,56,2025-09-07 18:52:37,ThatSquirrel6827,"Afghanistan is a very good team but it is surely not a better team than Pakistan. That being said, they can still beat Pakistan 2 out of 6 games.",22.0,2025-09-07 19:10:51
Pakistan Zindabad,all,Can we put to rest the ridiculous notion that Afghanistan is a better team than Pakistan now?,https://www.reddit.com/r/PakCricket/comments/1nb1gd0/can_we_put_to_rest_the_ridiculous_notion_that/,Bonf-Man,41,56,2025-09-07 18:52:37,Chemical-Luck-3156,Recency bias,21.0,2025-09-07 19:10:03
Pakistan Zindabad,all,Can we put to rest the ridiculous notion that Afghanistan is a better team than Pakistan now?,https://www.reddit.com/r/PakCricket/comments/1nb1gd0/can_we_put_to_rest_the_ridiculous_notion_that/,Bonf-Man,41,56,2025-09-07 18:52:37,Dry_Growth7823,"Why not the best team in Asia ? 

who is the best team in Asia ? (sarcastic answers only)",7.0,2025-09-07 19:18:39
Pakistan Zindabad,all,Can we put to rest the ridiculous notion that Afghanistan is a better team than Pakistan now?,https://www.reddit.com/r/PakCricket/comments/1nb1gd0/can_we_put_to_rest_the_ridiculous_notion_that/,Bonf-Man,41,56,2025-09-07 18:52:37,acedefective95,"they've only beaten us once in an odi and a handful of times in t20s and motherfuckers are out there calling our wins an upset 

pak team deserves a better fanbase",28.0,2025-09-07 19:13:05
Pakistan Zindabad,all,Can we put to rest the ridiculous notion that Afghanistan is a better team than Pakistan now?,https://www.reddit.com/r/PakCricket/comments/1nb1gd0/can_we_put_to_rest_the_ridiculous_notion_that/,Bonf-Man,41,56,2025-09-07 18:52:37,PossibleGazelle519,They are not better but they can hurt you on their day.,3.0,2025-09-07 20:02:59
Pakistan Zindabad,all,Can we put to rest the ridiculous notion that Afghanistan is a better team than Pakistan now?,https://www.reddit.com/r/PakCricket/comments/1nb1gd0/can_we_put_to_rest_the_ridiculous_notion_that/,Bonf-Man,41,56,2025-09-07 18:52:37,Consistent_Level3527,"In UAE, afghanistan is a better team than most teams in the world. Given how unpredictable pakistan is, there will always be a chance a team like afghanistan will come out on top.

Ramiz said it at the end of the game, AFGHANISTAN IS NO WALK OVER TEAM ANYMORE.

If you are one of those who only recently started watching, you need to update your game knowledge",10.0,2025-09-07 19:06:05
Pakistan Zindabad,all,Can we put to rest the ridiculous notion that Afghanistan is a better team than Pakistan now?,https://www.reddit.com/r/PakCricket/comments/1nb1gd0/can_we_put_to_rest_the_ridiculous_notion_that/,Bonf-Man,41,56,2025-09-07 18:52:37,lastofthe_meheecans,"It’s not laughable that Afghanistan could be better than us. If we lost today’s game 100% everyone would be saying they are the better side. We also won a very crucial toss in today’s game, which was a huge advantage.

Just enjoy the win, we haven’t been getting very many of these.",2.0,2025-09-07 23:56:44
Pakistan Zindabad,all,Can we put to rest the ridiculous notion that Afghanistan is a better team than Pakistan now?,https://www.reddit.com/r/PakCricket/comments/1nb1gd0/can_we_put_to_rest_the_ridiculous_notion_that/,Bonf-Man,41,56,2025-09-07 18:52:37,Humans_fking_suck,"Everyone likes to root for the underdog, and since the past decade, the Afg team haa improved alot and I'll go as far as to say that in the 2024 t20 WC, Afg were 100% the second best Asian team.

However yes they do have their issues, and lack the consistency to be called ""the second best"" on constant basis, but I wouldn't put this as a negative thing on them, because they are improving really good these past 2 years.

Infact the only one's to blame are the Number 1's that are giving their unwanted opinion on who gets to be Number 2.. 

:)",2.0,2025-09-07 20:09:35
Pakistan Zindabad,all,Can we put to rest the ridiculous notion that Afghanistan is a better team than Pakistan now?,https://www.reddit.com/r/PakCricket/comments/1nb1gd0/can_we_put_to_rest_the_ridiculous_notion_that/,Bonf-Man,41,56,2025-09-07 18:52:37,Initial_Flower3545,"I’m gonna take the high road, Afghanistan is not a push over team and neither a minnow anymore - the best way to describe their rise is like Kurt angle from WWE who just rose so fast. Today Pakistan’s one side demolition doesn’t make them any less of a team, they are a talented bunch and Pakistan bowled out of their skin to win this game. Today we showed that we need to get over this ridiculous obsession of Babar/rizwan and that we are suddenly nothing without them. Win or lose today’s team showed that it’s all team work. The popularity contest needs to die.",2.0,2025-09-07 20:41:27
Pakistan Zindabad,all,Can we put to rest the ridiculous notion that Afghanistan is a better team than Pakistan now?,https://www.reddit.com/r/PakCricket/comments/1nb1gd0/can_we_put_to_rest_the_ridiculous_notion_that/,Bonf-Man,41,56,2025-09-07 18:52:37,_abubakar,Bro kya wakt aan pohancha hai k ham apni team ka comparison Afghanistan say kr rhy hen? This shows the level of our cricket.,1.0,2025-09-07 19:46:45
Pakistan Zindabad,all,Can we put to rest the ridiculous notion that Afghanistan is a better team than Pakistan now?,https://www.reddit.com/r/PakCricket/comments/1nb1gd0/can_we_put_to_rest_the_ridiculous_notion_that/,Bonf-Man,41,56,2025-09-07 18:52:37,Kofta9,They can not call them self the second best team when they hardly play test lol! T20 is 50/50 either side!,1.0,2025-09-07 20:12:40
Pakistan Zindabad,all,Can we put to rest the ridiculous notion that Afghanistan is a better team than Pakistan now?,https://www.reddit.com/r/PakCricket/comments/1nb1gd0/can_we_put_to_rest_the_ridiculous_notion_that/,Bonf-Man,41,56,2025-09-07 18:52:37,ravilawliet,There are like 5 afghan fans in the cricket circle. The people calling them the 2nd best are Pakistanis with a crush on Babar or Indians.,1.0,2025-09-08 02:12:09
Pakistan Zindabad,all,Can we put to rest the ridiculous notion that Afghanistan is a better team than Pakistan now?,https://www.reddit.com/r/PakCricket/comments/1nb1gd0/can_we_put_to_rest_the_ridiculous_notion_that/,Bonf-Man,41,56,2025-09-07 18:52:37,Real-Leader-2947,"The only game they won in this series was when we rested our main bowlers. Still they have no comparison with Pakistan, Sirilanka & Bangladesh",1.0,2025-09-08 04:11:02
Pakistan Zindabad,all,Can we put to rest the ridiculous notion that Afghanistan is a better team than Pakistan now?,https://www.reddit.com/r/PakCricket/comments/1nb1gd0/can_we_put_to_rest_the_ridiculous_notion_that/,Bonf-Man,41,56,2025-09-07 18:52:37,el_jefe_del_mundo,"Not only did Afghanistan 🇦🇫 outperformed Pakistan in the last two world cups 2023 ODI and 2024 T20, Afghanistan also managed to score more points and won more matches than Pakistan in the Champions Trophy 2025. 

So let’s not get carried away. Afghanistans recent performances have been better than Pakistan’s.",1.0,2025-09-08 04:57:35
Pakistan Zindabad,all,Can we put to rest the ridiculous notion that Afghanistan is a better team than Pakistan now?,https://www.reddit.com/r/PakCricket/comments/1nb1gd0/can_we_put_to_rest_the_ridiculous_notion_that/,Bonf-Man,41,56,2025-09-07 18:52:37,Express_Smile_U,"No can't support M Haris 
He is such arrogant person",1.0,2025-09-07 19:24:41
Pakistan Zindabad,all,Can we put to rest the ridiculous notion that Afghanistan is a better team than Pakistan now?,https://www.reddit.com/r/PakCricket/comments/1nb1gd0/can_we_put_to_rest_the_ridiculous_notion_that/,Bonf-Man,41,56,2025-09-07 18:52:37,saladmakear,Afghanistan has finished the last two major WCs at a higher or equal position than Pakistan. They are a better team based on objective measures.,1.0,2025-09-07 20:31:53
Pakistan Zindabad,all,Can we put to rest the ridiculous notion that Afghanistan is a better team than Pakistan now?,https://www.reddit.com/r/PakCricket/comments/1nb1gd0/can_we_put_to_rest_the_ridiculous_notion_that/,Bonf-Man,41,56,2025-09-07 18:52:37,Fragrant_Self_4724,"Afghanistan if not  better is on par especially in Asia

and this win is due to toss 


Thori dair baad adrenaline down ho gii to realize ho jai ga",-9.0,2025-09-07 19:11:57
Pakistan Zindabad,all,Can we put to rest the ridiculous notion that Afghanistan is a better team than Pakistan now?,https://www.reddit.com/r/PakCricket/comments/1nb1gd0/can_we_put_to_rest_the_ridiculous_notion_that/,Bonf-Man,41,56,2025-09-07 18:52:37,Bonf-Man,I agree with every word you’ve said there 💯,3.0,2025-09-07 19:35:25
Pakistan Zindabad,all,Can we put to rest the ridiculous notion that Afghanistan is a better team than Pakistan now?,https://www.reddit.com/r/PakCricket/comments/1nb1gd0/can_we_put_to_rest_the_ridiculous_notion_that/,Bonf-Man,41,56,2025-09-07 18:52:37,SindacodiLignano,I hate Zadran. He’s really toxic toward us.,3.0,2025-09-08 00:50:38
Pakistan Zindabad,all,Can we put to rest the ridiculous notion that Afghanistan is a better team than Pakistan now?,https://www.reddit.com/r/PakCricket/comments/1nb1gd0/can_we_put_to_rest_the_ridiculous_notion_that/,Bonf-Man,41,56,2025-09-07 18:52:37,Dukedizzy,"Also disrespectful to bangladesh dont forget about them, they have been pretty good recently.",-5.0,2025-09-07 23:00:07
Pakistan Zindabad,all,Can we put to rest the ridiculous notion that Afghanistan is a better team than Pakistan now?,https://www.reddit.com/r/PakCricket/comments/1nb1gd0/can_we_put_to_rest_the_ridiculous_notion_that/,Bonf-Man,41,56,2025-09-07 18:52:37,Express_Smile_U,Obv Nepal recently how they performed,12.0,2025-09-07 19:25:39
Pakistan Zindabad,all,Can we put to rest the ridiculous notion that Afghanistan is a better team than Pakistan now?,https://www.reddit.com/r/PakCricket/comments/1nb1gd0/can_we_put_to_rest_the_ridiculous_notion_that/,Bonf-Man,41,56,2025-09-07 18:52:37,,[removed],1.0,2025-09-08 03:54:12
Pakistan Zindabad,all,Can we put to rest the ridiculous notion that Afghanistan is a better team than Pakistan now?,https://www.reddit.com/r/PakCricket/comments/1nb1gd0/can_we_put_to_rest_the_ridiculous_notion_that/,Bonf-Man,41,56,2025-09-07 18:52:37,Accurate-Pride461,"Plus that series they won against us was expected. Half our team was either debuting or had played a couple of matches at most and they were playing their full strength squad in their ""home"" conditions.",9.0,2025-09-07 21:07:11
Pakistan Zindabad,all,Can we put to rest the ridiculous notion that Afghanistan is a better team than Pakistan now?,https://www.reddit.com/r/PakCricket/comments/1nb1gd0/can_we_put_to_rest_the_ridiculous_notion_that/,Bonf-Man,41,56,2025-09-07 18:52:37,Bonf-Man,Agreed.,5.0,2025-09-07 19:20:12
Pakistan Zindabad,all,Can we put to rest the ridiculous notion that Afghanistan is a better team than Pakistan now?,https://www.reddit.com/r/PakCricket/comments/1nb1gd0/can_we_put_to_rest_the_ridiculous_notion_that/,Bonf-Man,41,56,2025-09-07 18:52:37,lbh02,"They've also only beaten us 1 time in t20i with a full squad (2nd match of this tri series)

All other losses were either a weakened team (2022 series) or Asian games (2023 I believe)",5.0,2025-09-07 23:32:13
Pakistan Zindabad,all,Can we put to rest the ridiculous notion that Afghanistan is a better team than Pakistan now?,https://www.reddit.com/r/PakCricket/comments/1nb1gd0/can_we_put_to_rest_the_ridiculous_notion_that/,Bonf-Man,41,56,2025-09-07 18:52:37,Bonf-Man,My friend I’ve been watching cricket for a long long time. “No walk over team anymore” is fine but that doesn’t mean they’re better than us. Hope this helps.,13.0,2025-09-07 19:19:41
Pakistan Zindabad,all,Can we put to rest the ridiculous notion that Afghanistan is a better team than Pakistan now?,https://www.reddit.com/r/PakCricket/comments/1nb1gd0/can_we_put_to_rest_the_ridiculous_notion_that/,Bonf-Man,41,56,2025-09-07 18:52:37,Bonf-Man,That last paragraph 🎯,1.0,2025-09-07 20:32:57
Pakistan Zindabad,all,Can we put to rest the ridiculous notion that Afghanistan is a better team than Pakistan now?,https://www.reddit.com/r/PakCricket/comments/1nb1gd0/can_we_put_to_rest_the_ridiculous_notion_that/,Bonf-Man,41,56,2025-09-07 18:52:37,Bonf-Man,"The level is better than the forced comparison. 
I mean we’re no world beaters but we’re sure as hell better than Afghanistan.",1.0,2025-09-07 19:49:13
Pakistan Zindabad,all,Can we put to rest the ridiculous notion that Afghanistan is a better team than Pakistan now?,https://www.reddit.com/r/PakCricket/comments/1nb1gd0/can_we_put_to_rest_the_ridiculous_notion_that/,Bonf-Man,41,56,2025-09-07 18:52:37,Bonf-Man,Try karo meri jaan,2.0,2025-09-07 19:25:58
Pakistan Zindabad,all,Can we put to rest the ridiculous notion that Afghanistan is a better team than Pakistan now?,https://www.reddit.com/r/PakCricket/comments/1nb1gd0/can_we_put_to_rest_the_ridiculous_notion_that/,Bonf-Man,41,56,2025-09-07 18:52:37,Bonf-Man,Nah.,5.0,2025-09-07 19:27:21
Pakistan Zindabad,all,Can we put to rest the ridiculous notion that Afghanistan is a better team than Pakistan now?,https://www.reddit.com/r/PakCricket/comments/1nb1gd0/can_we_put_to_rest_the_ridiculous_notion_that/,Bonf-Man,41,56,2025-09-07 18:52:37,Dry_Growth7823,No Pak is better than Nepal. Bobzy scored 159 against NEPAL .I feel Bhutan is a tough nut 😞,5.0,2025-09-07 19:29:19
Pakistan Zindabad,all,Can we put to rest the ridiculous notion that Afghanistan is a better team than Pakistan now?,https://www.reddit.com/r/PakCricket/comments/1nb1gd0/can_we_put_to_rest_the_ridiculous_notion_that/,Bonf-Man,41,56,2025-09-07 18:52:37,AutoModerator,"Your comment has been automatically removed because it has been determined as unfit for healthy discussion in /r/PakCricket. Please conduct yourself in a mature and productive manner. Ad hominem attacks are strictly forbidden. Any cheap language and uncivil behaviour may be dealt with strictly. Please ensure that you have read and are well aware of [the rules](https://www.reddit.com/r/PakCricket/wiki/rules) for /r/PakCricket. If you feel you received this message in error, please feel free to [contact the moderators](http://www.reddit.com/message/compose?to=/r/PakCricket&subject=AutoMod%20inappropriate%20comment%20removal%20appeal&message=Dear%20Mods%20of%20%2Fr%2FPakistan%2C%0A%0AHello!%20I%20believe%20that%20my%20comment%2C%20https://www.reddit.com/r/PakCricket/comments/1nb1gd0/can_we_put_to_rest_the_ridiculous_notion_that/nd11ee0/?context=3%20was%20removed%20in%20error%20and%20would%20like%20to%20appeal%20it%27s%20removal%20because%20...) and appeal this removal.

*I am a bot, and this action was performed automatically. Please [contact the moderators of this subreddit](/message/compose/?to=/r/PakCricket) if you have any questions or concerns.*",2.0,2025-09-08 03:54:13
Pakistan Zindabad,all,Can we put to rest the ridiculous notion that Afghanistan is a better team than Pakistan now?,https://www.reddit.com/r/PakCricket/comments/1nb1gd0/can_we_put_to_rest_the_ridiculous_notion_that/,Bonf-Man,41,56,2025-09-07 18:52:37,Consistent_Level3527,"on the day, they have the ability to beat us. The one-on-one record in t20s against them shows that. 

You can take your 'we are better then them' if you want. Its about winning at the end of the day",-10.0,2025-09-07 19:22:15
Pakistan Zindabad,all,Can we put to rest the ridiculous notion that Afghanistan is a better team than Pakistan now?,https://www.reddit.com/r/PakCricket/comments/1nb1gd0/can_we_put_to_rest_the_ridiculous_notion_that/,Bonf-Man,41,56,2025-09-07 18:52:37,_abubakar,"Bro it makes no difference.  Do we feel comfortable when we play against Afghanistan,  srilanka or even any associate team?",1.0,2025-09-07 19:50:18
Pakistan Zindabad,all,Can we put to rest the ridiculous notion that Afghanistan is a better team than Pakistan now?,https://www.reddit.com/r/PakCricket/comments/1nb1gd0/can_we_put_to_rest_the_ridiculous_notion_that/,Bonf-Man,41,56,2025-09-07 18:52:37,Express_Smile_U,"Jitna bhi try karo wo iss se bara pagalpanti Karke dekahta hai 
Just look at today match how he just swings the bat 
No hopes from him",0.0,2025-09-07 19:26:58
Pakistan Zindabad,all,Can we put to rest the ridiculous notion that Afghanistan is a better team than Pakistan now?,https://www.reddit.com/r/PakCricket/comments/1nb1gd0/can_we_put_to_rest_the_ridiculous_notion_that/,Bonf-Man,41,56,2025-09-07 18:52:37,Fragrant_Self_4724,"Dude we won the toss I was confident 

These Sharjah tracks when like this chases are very difficult 

I Just wanted at least 120+


And then the decision to play 2 genuine spinners sealed the deal because that's what the pitch demanded

We kept bombarding them with spin",1.0,2025-09-07 19:29:12
Pakistan Zindabad,all,Can we put to rest the ridiculous notion that Afghanistan is a better team than Pakistan now?,https://www.reddit.com/r/PakCricket/comments/1nb1gd0/can_we_put_to_rest_the_ridiculous_notion_that/,Bonf-Man,41,56,2025-09-07 18:52:37,Dukedizzy,"No, oman is better than all of them.",5.0,2025-09-07 23:01:14
Pakistan Zindabad,all,Can we put to rest the ridiculous notion that Afghanistan is a better team than Pakistan now?,https://www.reddit.com/r/PakCricket/comments/1nb1gd0/can_we_put_to_rest_the_ridiculous_notion_that/,Bonf-Man,41,56,2025-09-07 18:52:37,Express_Smile_U,Well Hong Kong just recently won the T20i world cup so they are toughest no doubt about it,3.0,2025-09-07 19:32:38
Pakistan Zindabad,all,Can we put to rest the ridiculous notion that Afghanistan is a better team than Pakistan now?,https://www.reddit.com/r/PakCricket/comments/1nb1gd0/can_we_put_to_rest_the_ridiculous_notion_that/,Bonf-Man,41,56,2025-09-07 18:52:37,Bonf-Man,"“On the day Pak can beat Australia” 

See how flawed your logic sounds?",11.0,2025-09-07 19:25:06
Pakistan Zindabad,all,Can we put to rest the ridiculous notion that Afghanistan is a better team than Pakistan now?,https://www.reddit.com/r/PakCricket/comments/1nb1gd0/can_we_put_to_rest_the_ridiculous_notion_that/,Bonf-Man,41,56,2025-09-07 18:52:37,Bonf-Man,I don’t feel comfortable watching cricket at all tbh,0.0,2025-09-07 19:52:20
Pakistan Zindabad,all,Can we put to rest the ridiculous notion that Afghanistan is a better team than Pakistan now?,https://www.reddit.com/r/PakCricket/comments/1nb1gd0/can_we_put_to_rest_the_ridiculous_notion_that/,Bonf-Man,41,56,2025-09-07 18:52:37,Bonf-Man,"Agree he’s in horrendous form. 
I’m just backing him to come good. We have no other option right now especially for Asia cup. 
So we have to back him.",-2.0,2025-09-07 19:29:01
Pakistan Zindabad,all,Can we put to rest the ridiculous notion that Afghanistan is a better team than Pakistan now?,https://www.reddit.com/r/PakCricket/comments/1nb1gd0/can_we_put_to_rest_the_ridiculous_notion_that/,Bonf-Man,41,56,2025-09-07 18:52:37,Bonf-Man,"So, what you’re saying is… we played really well on a turning track to post 140.
And our spinners got the job done.",1.0,2025-09-07 19:31:03
Pakistan Zindabad,all,Can we put to rest the ridiculous notion that Afghanistan is a better team than Pakistan now?,https://www.reddit.com/r/PakCricket/comments/1nb1gd0/can_we_put_to_rest_the_ridiculous_notion_that/,Bonf-Man,41,56,2025-09-07 18:52:37,Dry_Growth7823,"sometimes feel if USA invades some asian country, they will be the best team as well",2.0,2025-09-08 04:17:32
Pakistan Zindabad,all,Can we put to rest the ridiculous notion that Afghanistan is a better team than Pakistan now?,https://www.reddit.com/r/PakCricket/comments/1nb1gd0/can_we_put_to_rest_the_ridiculous_notion_that/,Bonf-Man,41,56,2025-09-07 18:52:37,Consistent_Level3527,"no it is not. Pakistan's one on one record against australia is nothing compared to one-on-one record pakistan has against afghanistan. its not a dominant record

But i get it, there is always hidden racism against afghans as well...which comes out in these games and posts like these",-15.0,2025-09-07 19:29:11
Pakistan Zindabad,all,Can we put to rest the ridiculous notion that Afghanistan is a better team than Pakistan now?,https://www.reddit.com/r/PakCricket/comments/1nb1gd0/can_we_put_to_rest_the_ridiculous_notion_that/,Bonf-Man,41,56,2025-09-07 18:52:37,Express_Smile_U,"So in his terrible form how is he supposed to perform against high tension match against India seeing how he is performing against UAE and bang.
We have options bring Usman Khan in the team",1.0,2025-09-07 19:35:55
Pakistan Zindabad,all,Can we put to rest the ridiculous notion that Afghanistan is a better team than Pakistan now?,https://www.reddit.com/r/PakCricket/comments/1nb1gd0/can_we_put_to_rest_the_ridiculous_notion_that/,Bonf-Man,41,56,2025-09-07 18:52:37,Fragrant_Self_4724,I'm saying if we chased anything close or above 120 we were in trenches,0.0,2025-09-07 19:32:02
Pakistan Zindabad,all,Can we put to rest the ridiculous notion that Afghanistan is a better team than Pakistan now?,https://www.reddit.com/r/PakCricket/comments/1nb1gd0/can_we_put_to_rest_the_ridiculous_notion_that/,Bonf-Man,41,56,2025-09-07 18:52:37,Bonf-Man,Damn you reeeeeeeaaaaaaaaaaaaaaaaaaacchhhhhhing.,10.0,2025-09-07 19:31:46
Pakistan Zindabad,all,Can we put to rest the ridiculous notion that Afghanistan is a better team than Pakistan now?,https://www.reddit.com/r/PakCricket/comments/1nb1gd0/can_we_put_to_rest_the_ridiculous_notion_that/,Bonf-Man,41,56,2025-09-07 18:52:37,Bonf-Man,"Haris brings leadership to the team. Our team is very inexperienced and he’s been in leadership roles most of his time in pak cricket. So he does bring something more than Usman Khan on the field. He fits the combination one the playing 11

Batting mai Yaar aik din ki baat hay. Hopefully it comes off one of these days. But yea hope ki he baat hay lol",-2.0,2025-09-07 19:40:03
Pakistan Zindabad,all,Can we put to rest the ridiculous notion that Afghanistan is a better team than Pakistan now?,https://www.reddit.com/r/PakCricket/comments/1nb1gd0/can_we_put_to_rest_the_ridiculous_notion_that/,Bonf-Man,41,56,2025-09-07 18:52:37,Bonf-Man,"Bro at the end of the day, what ifs and buts ki baat alag hay.
Facts are we played to the merit of the pitch against the 2 best spinners in the world imo — which is what a good team does.
And then we utilized the conditions with our bowling — which is what a good team does.

Point is, we are a better team than them, by quite a distance mind you.",2.0,2025-09-07 19:34:31
Pakistan Zindabad,all,The Carnage of Noakhali,https://www.reddit.com/gallery/1na1bx1,UdayOnReddit,128,30,2025-09-06 14:44:45,Signal-Survey2235,"The more I read about the crimes of Peaceful community, the more I hate the commies that defends them .",28.0,2025-09-06 16:14:24
Pakistan Zindabad,all,The Carnage of Noakhali,https://www.reddit.com/gallery/1na1bx1,UdayOnReddit,128,30,2025-09-06 14:44:45,Unusual-Squirrel987,Gandhi MC,2.0,2025-09-07 05:51:53
Pakistan Zindabad,all,The Carnage of Noakhali,https://www.reddit.com/gallery/1na1bx1,UdayOnReddit,128,30,2025-09-06 14:44:45,GhotiLoverBangal,"gandhi akta harami khankir chele british agent chilo, gujew madarxhod",1.0,2025-09-07 13:32:50
Pakistan Zindabad,all,The Carnage of Noakhali,https://www.reddit.com/gallery/1na1bx1,UdayOnReddit,128,30,2025-09-06 14:44:45,No_Personality_7l,Please explain,1.0,2025-09-07 20:31:28
Pakistan Zindabad,all,The Carnage of Noakhali,https://www.reddit.com/gallery/1na1bx1,UdayOnReddit,128,30,2025-09-06 14:44:45,LetPsychological650,hotspot for bjp bots,-5.0,2025-09-06 22:14:35
Pakistan Zindabad,all,The Carnage of Noakhali,https://www.reddit.com/gallery/1na1bx1,UdayOnReddit,128,30,2025-09-06 14:44:45,Agent47legend,Just don't be one of them and don't let the upcoming gen be like this.,11.0,2025-09-06 17:08:14
Pakistan Zindabad,all,The Carnage of Noakhali,https://www.reddit.com/gallery/1na1bx1,UdayOnReddit,128,30,2025-09-06 14:44:45,TheThinker12,And Gandhi coming to their defense was backstabbing of the highest order,3.0,2025-09-06 19:27:40
Pakistan Zindabad,all,The Carnage of Noakhali,https://www.reddit.com/gallery/1na1bx1,UdayOnReddit,128,30,2025-09-06 14:44:45,,[removed],-1.0,2025-09-06 18:55:17
Pakistan Zindabad,all,The Carnage of Noakhali,https://www.reddit.com/gallery/1na1bx1,UdayOnReddit,128,30,2025-09-06 14:44:45,Golden_Phoenix1986,Yes!! I was absolutely appalled when I read about the Bihar riots and Jammu massacre. These events should never happen and we must ensure it.,-13.0,2025-09-06 18:51:22
Pakistan Zindabad,all,The Carnage of Noakhali,https://www.reddit.com/gallery/1na1bx1,UdayOnReddit,128,30,2025-09-06 14:44:45,GhotiLoverBangal,"Go to that liberal woke Kolkata sub reddit, you people can't digest basic history",1.0,2025-09-07 13:31:44
Pakistan Zindabad,all,The Carnage of Noakhali,https://www.reddit.com/gallery/1na1bx1,UdayOnReddit,128,30,2025-09-06 14:44:45,,[removed],3.0,2025-09-06 19:00:11
Pakistan Zindabad,all,The Carnage of Noakhali,https://www.reddit.com/gallery/1na1bx1,UdayOnReddit,128,30,2025-09-06 14:44:45,Kolkatacity-ModTeam,"This submission lacks proper source for its content, which makes it difficult to verify. Please provide proper sources for further submissions.",1.0,2025-09-06 19:52:44
Pakistan Zindabad,all,The Carnage of Noakhali,https://www.reddit.com/gallery/1na1bx1,UdayOnReddit,128,30,2025-09-06 14:44:45,,[removed],9.0,2025-09-06 20:08:38
Pakistan Zindabad,all,The Carnage of Noakhali,https://www.reddit.com/gallery/1na1bx1,UdayOnReddit,128,30,2025-09-06 14:44:45,,[removed],7.0,2025-09-06 18:57:02
Pakistan Zindabad,all,The Carnage of Noakhali,https://www.reddit.com/gallery/1na1bx1,UdayOnReddit,128,30,2025-09-06 14:44:45,,[removed],0.0,2025-09-06 19:05:15
Pakistan Zindabad,all,The Carnage of Noakhali,https://www.reddit.com/gallery/1na1bx1,UdayOnReddit,128,30,2025-09-06 14:44:45,Affectionate_Slip972,brainless person asking another person to use brain? the irony,-4.0,2025-09-06 20:24:55
Pakistan Zindabad,all,The Carnage of Noakhali,https://www.reddit.com/gallery/1na1bx1,UdayOnReddit,128,30,2025-09-06 14:44:45,,[removed],0.0,2025-09-06 18:59:54
Pakistan Zindabad,all,The Carnage of Noakhali,https://www.reddit.com/gallery/1na1bx1,UdayOnReddit,128,30,2025-09-06 14:44:45,,[removed],4.0,2025-09-06 19:09:16
Pakistan Zindabad,all,The Carnage of Noakhali,https://www.reddit.com/gallery/1na1bx1,UdayOnReddit,128,30,2025-09-06 14:44:45,Kolkatacity-ModTeam,r/Kolkatacity does not allow hate,1.0,2025-09-06 19:53:43
Pakistan Zindabad,all,The Carnage of Noakhali,https://www.reddit.com/gallery/1na1bx1,UdayOnReddit,128,30,2025-09-06 14:44:45,Signal-Survey2235,[ Removed by Reddit ],1.0,2025-09-06 19:00:52
Pakistan Zindabad,all,The Carnage of Noakhali,https://www.reddit.com/gallery/1na1bx1,UdayOnReddit,128,30,2025-09-06 14:44:45,,[removed],0.0,2025-09-06 19:15:32
Pakistan Zindabad,all,The Carnage of Noakhali,https://www.reddit.com/gallery/1na1bx1,UdayOnReddit,128,30,2025-09-06 14:44:45,,[removed],3.0,2025-09-06 19:17:16
Pakistan Zindabad,all,The Carnage of Noakhali,https://www.reddit.com/gallery/1na1bx1,UdayOnReddit,128,30,2025-09-06 14:44:45,,[removed],1.0,2025-09-06 19:18:37
Pakistan Zindabad,all,The Carnage of Noakhali,https://www.reddit.com/gallery/1na1b84,UdayOnReddit,28,10,2025-09-06 14:43:56,AutoModerator,"Hello, u/UdayOnReddit! Thank you for contributing to r/CriticalThinkingIndia.  
 We appreciate your effort to keep this community thoughtful and engaging.  

**• If your post is a photo or video:** Please provide the original source in a comment below. 

**• If your post is a link:** Share a brief summary or key insights from the link to spark discussion. 

**• If your post is text-based:** Make sure it provides context, reasoning, or a question to invite dialogue.  

  **Reminder:** Low-effort content, rage-bait, or personal attacks will be removed. Please review our [rules](https://www.reddit.com/r/CriticalThinkingIndia/about/rules) to help maintain a space for rational and respectful discourse.  
  
   If you notice any comments violating subreddit rules, please use the **Report** option so moderators can review and take appropriate action.

  By adding context and engaging with comments, you help elevate the quality of discussion for everyone.

*I am a bot, and this action was performed automatically. Please [contact the moderators of this subreddit](/message/compose/?to=/r/CriticalThinkingIndia) if you have any questions or concerns.*",1.0,2025-09-06 14:43:56
Pakistan Zindabad,all,The Carnage of Noakhali,https://www.reddit.com/gallery/1na1b84,UdayOnReddit,28,10,2025-09-06 14:43:56,pratyush_1991,"Direct Action day is not even part of textbook.

Whitewashing of massacres especially if the victims are Hindu was probably the directive while deciding the curriculum. Without internet, majority of Indians probably never even heard about it",12.0,2025-09-06 15:30:42
Pakistan Zindabad,all,The Carnage of Noakhali,https://www.reddit.com/gallery/1na1b84,UdayOnReddit,28,10,2025-09-06 14:43:56,SqueakyArchie,Why was this not in our history textbooks.,5.0,2025-09-06 19:04:54
Pakistan Zindabad,all,The Carnage of Noakhali,https://www.reddit.com/gallery/1na1b84,UdayOnReddit,28,10,2025-09-06 14:43:56,SecularismKe_MChoda,Let's see how much discussions it gets. By the way good research. Remind me! 1 day,2.0,2025-09-06 18:18:46
Pakistan Zindabad,all,The Carnage of Noakhali,https://www.reddit.com/gallery/1na1b84,UdayOnReddit,28,10,2025-09-06 14:43:56,Bright_Ad_8466,"Watched bengal files today, was waiting for this post, please watch, a really good movie, not just story but cinematography too, a little too long but makes sense.",4.0,2025-09-06 20:06:50
Pakistan Zindabad,all,The Carnage of Noakhali,https://www.reddit.com/gallery/1na1b84,UdayOnReddit,28,10,2025-09-06 14:43:56,boinwtm0ds,How is this related to critical thinking?,1.0,2025-09-07 09:52:33
Pakistan Zindabad,all,The Carnage of Noakhali,https://www.reddit.com/gallery/1na1b84,UdayOnReddit,28,10,2025-09-06 14:43:56,kata-kaal-2567,Gandhi - worst thing that ever happened to India.,-1.0,2025-09-06 16:54:26
Pakistan Zindabad,all,The Carnage of Noakhali,https://www.reddit.com/gallery/1na1b84,UdayOnReddit,28,10,2025-09-06 14:43:56,UdayOnReddit,"I don't see how it isn't?

It's a high-effort post backed with academic and scholarly sources regarding a historical event which is about Indians, Indian society and relevant to India today.",1.0,2025-09-07 18:12:51
Pakistan Zindabad,all,The Carnage of Noakhali,https://www.reddit.com/gallery/1na1b84,UdayOnReddit,28,10,2025-09-06 14:43:56,ManLikeThanoj,"what a crazy thing to say, really WILD thing to say",5.0,2025-09-06 19:24:27
Pakistan Zindabad,all,The Carnage of Noakhali,https://www.reddit.com/gallery/1na1b84,UdayOnReddit,28,10,2025-09-06 14:43:56,kata-kaal-2567,"not the least bit crazy, if you cared to read history with an open critical mind and stepped out of the fake historical narratives cultivated by congress and left. this impractical so called  messenger of peace and his ideology was and is responsible for  countless deaths. Even Ambedkar refused to called him “mahatama”, it is on camera.",-1.0,2025-09-06 21:34:28
Pakistan Zindabad,all,The Carnage of Noakhali,https://www.reddit.com/gallery/1na1abc,UdayOnReddit,102,22,2025-09-06 14:42:52,LeUstad149,"Horrific.

Btw, why are your posts on other subs not visible? Plenty of good stuff on there.",5.0,2025-09-06 18:38:39
Pakistan Zindabad,all,The Carnage of Noakhali,https://www.reddit.com/gallery/1na1abc,UdayOnReddit,102,22,2025-09-06 14:42:52,uwuwuuuuuuuuuuuuuuwu,This is crazy. We must make sure history is not repeated.,7.0,2025-09-07 11:21:07
Pakistan Zindabad,all,The Carnage of Noakhali,https://www.reddit.com/gallery/1na1abc,UdayOnReddit,102,22,2025-09-06 14:42:52,Upper_Cauliflower_59,Thanks for sharing this. ,5.0,2025-09-07 05:42:02
Pakistan Zindabad,all,The Carnage of Noakhali,https://www.reddit.com/gallery/1na1abc,UdayOnReddit,102,22,2025-09-06 14:42:52,lastofdovas,"I must say, I came to this sub because of funky history tidbits (u/indian_kulcha, where are you these days?), but you keep on providing gems. Well done.

I come here from the second part, where comments are blocked for some reason. Thank you man.

The saddest part of Indian history was those couple of years, between 1946 and 1948.",5.0,2025-09-07 18:12:09
Pakistan Zindabad,all,The Carnage of Noakhali,https://www.reddit.com/gallery/1na1abc,UdayOnReddit,102,22,2025-09-06 14:42:52,The_Golden_Beast2440,Thankyou,4.0,2025-09-06 18:13:25
Pakistan Zindabad,all,The Carnage of Noakhali,https://www.reddit.com/gallery/1na1abc,UdayOnReddit,102,22,2025-09-06 14:42:52,,[removed],1.0,2025-09-07 03:54:39
Pakistan Zindabad,all,The Carnage of Noakhali,https://www.reddit.com/gallery/1na1abc,UdayOnReddit,102,22,2025-09-06 14:42:52,,[removed],1.0,2025-09-07 12:18:54
Pakistan Zindabad,all,The Carnage of Noakhali,https://www.reddit.com/gallery/1na1abc,UdayOnReddit,102,22,2025-09-06 14:42:52,,[removed],1.0,2025-09-07 12:37:46
Pakistan Zindabad,all,The Carnage of Noakhali,https://www.reddit.com/gallery/1na1abc,UdayOnReddit,102,22,2025-09-06 14:42:52,UdayOnReddit,">why are your posts on other subs not visible?

I usually post only high-effort content on the two subreddits where I’ve made my posts public. I’ve hidden the others so that if anyone scrolls through, they’ll only see that content.",6.0,2025-09-07 03:38:17
Pakistan Zindabad,all,The Carnage of Noakhali,https://www.reddit.com/gallery/1na1abc,UdayOnReddit,102,22,2025-09-06 14:42:52,UdayOnReddit,I'm grateful I can share with people something they didn't know before :),6.0,2025-09-07 18:29:44
Pakistan Zindabad,all,The Carnage of Noakhali,https://www.reddit.com/gallery/1na1abc,UdayOnReddit,102,22,2025-09-06 14:42:52,indian_kulcha,"I am alive and well, thanks for checking up 😅

Just have been a bit busy the past few months and have just opened the account after a while",3.0,2025-09-07 18:33:36
Pakistan Zindabad,all,The Carnage of Noakhali,https://www.reddit.com/gallery/1na1abc,UdayOnReddit,102,22,2025-09-06 14:42:52,AutoModerator,"Your comment was automatically removed for violating our rules against hate speech/profanity. Repeated violations may result in a ban.

*I am a bot, and this action was performed automatically. Please [contact the moderators of this subreddit](/message/compose/?to=/r/IndianHistory) if you have any questions or concerns.*",1.0,2025-09-07 03:54:40
Pakistan Zindabad,all,The Carnage of Noakhali,https://www.reddit.com/gallery/1na1abc,UdayOnReddit,102,22,2025-09-06 14:42:52,IndianHistory-ModTeam,"Your post/comment was removed because it breaks Rule 1. Keep Civility

>No personal attacks, abusive language, trolling or bigotry. Prohibited behavior includes targeted abuse toward identity or beliefs, disparaging remarks about personal traits, and speech that undermines dignity

Disrespectful content (including profanity, disparagement, or strong disagreeableness) will result in post/comment removal. Repeated violations may lead to a temp ban. More serious infractions such as targeted abuse or incitement will immediately result in a temporary ban, with multiple violations resulting in a permanent ban from the community.

No matter how correct you may (or may not) be in your discussion or argument, if the post is insulting, it will be removed with potential further penalties. Remember to keep civil at all times.

Please refer to the wiki for more information: https://www.reddit.com/r/IndianHistory/wiki/guidelines/rules/

If you believe this was a mistake, please [contact the mods](https://www.reddit.com/message/compose?to=r/IndianHistory).",1.0,2025-09-07 03:56:01
Pakistan Zindabad,all,The Carnage of Noakhali,https://www.reddit.com/gallery/1na1abc,UdayOnReddit,102,22,2025-09-06 14:42:52,AutoModerator,"Your comment was automatically removed for violating our rules against hate speech/profanity. Repeated violations may result in a ban.

*I am a bot, and this action was performed automatically. Please [contact the moderators of this subreddit](/message/compose/?to=/r/IndianHistory) if you have any questions or concerns.*",1.0,2025-09-07 12:18:56
Pakistan Zindabad,all,The Carnage of Noakhali,https://www.reddit.com/gallery/1na1abc,UdayOnReddit,102,22,2025-09-06 14:42:52,IndianHistory-ModTeam,"Your post/comment was removed because it breaks Rule 1. Keep Civility

>No personal attacks, abusive language, trolling or bigotry. Prohibited behavior includes targeted abuse toward identity or beliefs, disparaging remarks about personal traits, and speech that undermines dignity

Disrespectful content (including profanity, disparagement, or strong disagreeableness) will result in post/comment removal. Repeated violations may lead to a temp ban. More serious infractions such as targeted abuse or incitement will immediately result in a temporary ban, with multiple violations resulting in a permanent ban from the community.

No matter how correct you may (or may not) be in your discussion or argument, if the post is insulting, it will be removed with potential further penalties. Remember to keep civil at all times.

Please refer to the wiki for more information: https://www.reddit.com/r/IndianHistory/wiki/guidelines/rules/

If you believe this was a mistake, please [contact the mods](https://www.reddit.com/message/compose?to=r/IndianHistory).",1.0,2025-09-07 12:20:24
Pakistan Zindabad,all,The Carnage of Noakhali,https://www.reddit.com/gallery/1na1abc,UdayOnReddit,102,22,2025-09-06 14:42:52,IndianHistory-ModTeam,"Your post/comment was removed because it breaks Rule 1. Keep Civility

>No personal attacks, abusive language, trolling or bigotry. Prohibited behavior includes targeted abuse toward identity or beliefs, disparaging remarks about personal traits, and speech that undermines dignity

Disrespectful content (including profanity, disparagement, or strong disagreeableness) will result in post/comment removal. Repeated violations may lead to a temp ban. More serious infractions such as targeted abuse or incitement will immediately result in a temporary ban, with multiple violations resulting in a permanent ban from the community.

No matter how correct you may (or may not) be in your discussion or argument, if the post is insulting, it will be removed with potential further penalties. Remember to keep civil at all times.

Please refer to the wiki for more information: https://www.reddit.com/r/IndianHistory/wiki/guidelines/rules/

If you believe this was a mistake, please [contact the mods](https://www.reddit.com/message/compose?to=r/IndianHistory).",1.0,2025-09-07 12:39:14
Pakistan Zindabad,all,The Carnage of Noakhali,https://www.reddit.com/gallery/1na1abc,UdayOnReddit,102,22,2025-09-06 14:42:52,lastofdovas,"I had a vague idea, my own grandparents (and hundreds among the extended family) had to escape from the genocide that preceeded 1971 war. Your account is highly personal, and not just stats and dry facts. This touched me, really.

On the other hand, I had known about Gandhi's visit. Didn't know exactly what he did. To say the least, my respect for him grew today. Dude was a bit boneheaded sometimes, but boy! did he achieve miracles... Sad part is that miracles are very temporary.",2.0,2025-09-07 18:55:54
Pakistan Zindabad,all,The Carnage of Noakhali,https://www.reddit.com/gallery/1na1abc,UdayOnReddit,102,22,2025-09-06 14:42:52,lastofdovas,"Yeah, I posted this comment and then saw your new post, lol.",1.0,2025-09-07 18:51:06
Pakistan Zindabad,all,The Carnage of Noakhali,https://www.reddit.com/gallery/1na1abc,UdayOnReddit,102,22,2025-09-06 14:42:52,UdayOnReddit,"Yes, it’s deeply personal for me as well.

I had always disliked Gandhi since childhood because I had personally seen non-violence doens't work but after reading Gandhi, you could say I've became a Gandhian although I avoid idolising anyone. I surely have taken inspiration from him. 

Also Gandhiji wasn't an absolute pacifist, he supported violence done in order to defend oneself and he also preferred being violent rather than being a coward

> *“I do believe that, where there is only a choice between cowardice and violence, I would advise violence.”*

> *“I would risk violence a thousand times rather than risk the emasculation of 
a whole race.”*

—Mahatma Gandhi in Young India Journal, 4th August, 1920, p. 5

> *“When there is only a choice between cowardice and violence, I would advise violence…I would rather have India resort to arms in order to defend her honour than to remain a helpless witness to her own dishonour.”*

—Mahatma Gandhi in Young India, 11 August 1920, in The Collected Works of Mahatma Gandhi, Vol. 21, p. 133.

> *“Cowardice is impotence worse than violence. The coward desires revenge but being afraid to die, he looks to others…to do the work of defense for him.”*

—Mahatma Gandhi in Young India, 11 August 1920, in The Collected Works of Mahatma Gandhi, Vol. 21, p. 133.

> *“I advocate training in arms for those who believe in the method of violence. I would rather have India resort to arms in order to defend her honor than that she should in a cowardly manner become or remain a helpless witness to her own dishonor. But I believe that nonviolence is infinitely superior to violence, forgiveness is more manly than punishment, forgiveness adorns a soldier. But abstinence is forgiveness only when there is the power to punish, it is meaningless when it pretends to proceed from a helpless creature. A mouse hardly forgives cat when it allows itself to be torn to pieces by her…I do not believe myself to be a helpless creature. Only I want to use India's and my strength for better purpose. Let me not be misunderstood. Strength does not come from physical capacity. It comes from an indomitable will.”*

—Mahatma Gandhi in *The Doctrine Of The Sword* in Young India, 11 August 1920.

> *“Nonviolence in its dynamic condition means conscious suffering. It does not means meek submission to the will of the evil-doer, but it means the putting of one's whole soul against the will of the tyrant. Working under this law of being , it is possible for a single individual to defy the whole might of an unjust empire to save his honor, his religion, his soul and lay the foundation for the empire's fall or its regeneration. And so I am not pleading for India to practice nonviolence because it is weak. I want her to practice nonviolence being conscious of her strength and power. No training in arms is required for realization of her strength. We seem to need it because we seem to think that we are but a lump of flesh. I want India to recognize that she has a soul that cannot perish and that can rise triumphant above every physical weakness and defy the physical combination of a whole world.”*

—Mahatma Gandhi in *The Doctrine Of The Sword* in Young India, 11 August 1920.

> *“What difference does it make to the dead, the orphans, and the homeless, whether the mad destruction is wrought under the name of totalitarianism or the holy name of liberty and democracy?”*

—Mahatma Gandhi in  Non-Violence in Peace and War, 1942, Vol. 1, Ch. 142.

> *“I want both the Hindus and Mussalmans to cultivate the cool courage to die without killing. But if one has not that courage, I want him to cultivate the art of killing and being killed rather than, in a cowardly manner, flee from danger. For the latter, in spite of his flight, does commit mental Himsa. He flees because he has not the courage to be killed in the act of killing.”*

—Mahatma Gandhi in Young India Journal, 20th October, 1921, p.335.",3.0,2025-09-07 19:04:08
Pakistan Zindabad,all,The Carnage of Noakhali,https://www.reddit.com/gallery/1na1abc,UdayOnReddit,102,22,2025-09-06 14:42:52,lastofdovas,">Yes, it’s deeply personal for me as well.

Story of every other family on the border. The human cost of the partition is just insane. This is one reason I cannot forgive Jinnah, even if I somewhat sympathise with why he started asking for Pakistan. His death was well deserved (although, his premature death only meant Pakistan got to be an Army with a Nation).

But time did heal the wounds.

>I had always disliked Gandhi since childhood

Reminds me of myself. I was raised in a house where Gandhi was not a hero, to say it mildly. I grew up thinking he was a lunatic who was at best a useful idiot for other people in power. I hated him for his conflict with Netaji, and also for his absolute boneheadedness over communal / caste based power sharing. His cottage industry based economics felt insane.

Today, I defend Gandhi on reddit almost every week. I would not say I am a Gandhian, though. I don't like him still, but acknowledge the power of his protest technique. And I absolutely respect his cunningness, which I totally overlook when I was your age (I am assuming you are in undergraduate right now, going by your flair).

Netaji (also Vivekananda) has somewhat fallen out of my favour though. They don't seem as bright white as they seemed before, lol. How perspectives change with nee realisations... It is wondrous.",1.0,2025-09-07 19:22:46
Pakistan Zindabad,all,The Carnage of Noakhali,https://www.reddit.com/gallery/1na1abc,UdayOnReddit,102,22,2025-09-06 14:42:52,IndianHistory-ModTeam,"This subreddit does not allow the promotion of hostility, whether in posts or comments.

Examples include (but are not limited to):
- Encouraging violence, destruction of property, or harm toward individuals or groups

Content that directly or indirectly promotes harm will be removed to maintain a respectful and constructive environment.

Please refer to the wiki for more information: https://www.reddit.com/r/IndianHistory/wiki/guidelines/rules/

If you believe this was a mistake, please [contact the mods](https://www.reddit.com/message/compose?to=r/IndianHistory).",1.0,2025-09-07 19:23:11
Pakistan Zindabad,all,The Carnage of Noakhali,https://www.reddit.com/gallery/1na1abc,UdayOnReddit,102,22,2025-09-06 14:42:52,lastofdovas,I don't think I was encouraging any sort of violence there.,1.0,2025-09-07 19:24:45
Pakistan Zindabad,all,"Happy Defense Day, Pakistan!",https://i.redd.it/3gfkr9r6mjnf1.jpeg,wolfshaq,1,0,2025-09-06 13:03:50,,,,
Pakistan Zindabad,all,Zee Studios Films Accused of BJP/Hindutva Propaganda (2000–2025),https://www.reddit.com/r/sundaysarthak/comments/1n8kgav/zee_studios_films_accused_of_bjphindutva/,LingonBerryGloomy954,4,15,2025-09-04 19:58:02,CrissPDuck,It's become apparent now that Vivek Agnihotri is a modern-day Leni Riefenstahl.,4.0,2025-09-05 09:25:07
Pakistan Zindabad,all,Zee Studios Films Accused of BJP/Hindutva Propaganda (2000–2025),https://www.reddit.com/r/sundaysarthak/comments/1n8kgav/zee_studios_films_accused_of_bjphindutva/,LingonBerryGloomy954,4,15,2025-09-04 19:58:02,Spare_Original_4334,"One of the diverse sources is Al Jazeera- a Qatar government mouthpiece for Islamists.

Whatever be the case, they are free to make a movie. If people can make Ashram, Haider (that showed Martand Sun Temple as Shaitan ki Gufa), why not show anything else, even if that pricks you.",5.0,2025-09-05 03:47:10
Pakistan Zindabad,all,Zee Studios Films Accused of BJP/Hindutva Propaganda (2000–2025),https://www.reddit.com/r/sundaysarthak/comments/1n8kgav/zee_studios_films_accused_of_bjphindutva/,LingonBerryGloomy954,4,15,2025-09-04 19:58:02,Fluid_Score_1924,"I stopped reading at “love jihad myth.” If you genuinely think that’s a myth, then there’s really no point in continuing this argument.",2.0,2025-09-04 23:43:43
Pakistan Zindabad,all,Zee Studios Films Accused of BJP/Hindutva Propaganda (2000–2025),https://www.reddit.com/r/sundaysarthak/comments/1n8kgav/zee_studios_films_accused_of_bjphindutva/,LingonBerryGloomy954,4,15,2025-09-04 19:58:02,,Where is freedom to speech now OP? Only leftist have freedom in this country?,1.0,2025-09-05 14:12:10
Pakistan Zindabad,all,Zee Studios Films Accused of BJP/Hindutva Propaganda (2000–2025),https://www.reddit.com/r/sundaysarthak/comments/1n8kgav/zee_studios_films_accused_of_bjphindutva/,LingonBerryGloomy954,4,15,2025-09-04 19:58:02,Ok_Resource2169,"When Bollywood was busy depicting MUGHALS as great kings, INDIAN ARMY is the oppressor in Kashmir, Hindus as villains, Hindu religion is superstitious, then all are happy. Now when some films come with Hindu ideology, people are saying that Secularism is in danger. I think more films should come with our unknown past supporting HINDU ideology.",-1.0,2025-09-05 08:43:11
Pakistan Zindabad,all,Zee Studios Films Accused of BJP/Hindutva Propaganda (2000–2025),https://www.reddit.com/r/sundaysarthak/comments/1n8kgav/zee_studios_films_accused_of_bjphindutva/,LingonBerryGloomy954,4,15,2025-09-04 19:58:02,OkDivide2441,Parmanu and Tashkent were good. Gadar was mindless crap. Other are debatable still quoting an islamic mouthpiece newspaper is of no use.,0.0,2025-09-05 04:50:46
Pakistan Zindabad,all,Zee Studios Films Accused of BJP/Hindutva Propaganda (2000–2025),https://www.reddit.com/r/sundaysarthak/comments/1n8kgav/zee_studios_films_accused_of_bjphindutva/,LingonBerryGloomy954,4,15,2025-09-04 19:58:02,Horizon_26,Problem is the inappropriate exaggerating handful of cases and not treating it as cases but associating to the whole community which breeds further hatred,1.0,2025-09-05 12:26:18
Pakistan Zindabad,all,Zee Studios Films Accused of BJP/Hindutva Propaganda (2000–2025),https://www.reddit.com/r/sundaysarthak/comments/1n8kgav/zee_studios_films_accused_of_bjphindutva/,LingonBerryGloomy954,4,15,2025-09-04 19:58:02,Horizon_26,Ek proof de de from your own government…. Not cases … proof do sabhi mulle chutiya hai …. No doubt ill actors hai …. But dono side main hai,0.0,2025-09-05 12:28:07
Pakistan Zindabad,all,Zee Studios Films Accused of BJP/Hindutva Propaganda (2000–2025),https://www.reddit.com/r/sundaysarthak/comments/1n8kgav/zee_studios_films_accused_of_bjphindutva/,LingonBerryGloomy954,4,15,2025-09-04 19:58:02,LingonBerryGloomy954,"Grok AI made this, not the OP.",-2.0,2025-09-05 03:51:10
Pakistan Zindabad,all,Zee Studios Films Accused of BJP/Hindutva Propaganda (2000–2025),https://www.reddit.com/r/sundaysarthak/comments/1n8kgav/zee_studios_films_accused_of_bjphindutva/,LingonBerryGloomy954,4,15,2025-09-04 19:58:02,LingonBerryGloomy954,When did Bollywood do that?!,2.0,2025-09-05 09:11:47
Pakistan Zindabad,all,Zee Studios Films Accused of BJP/Hindutva Propaganda (2000–2025),https://www.reddit.com/r/sundaysarthak/comments/1n8kgav/zee_studios_films_accused_of_bjphindutva/,LingonBerryGloomy954,4,15,2025-09-04 19:58:02,Spare_Original_4334,"The above post mentions Pokhran and Tashkent Files. I wonder which community was targeted in these films. I realise what the problem is. It's not exaggeration but rather the uncovering of truth that a section of people is worried about. They don't want story of Direct Action day shown. The Khilafat Movement has been taught in schools as related to independence Movement which it wasn't. Moplah hindu massacre has been whitewashed as Moplah uprising. The brutal cleansing of dalit hindus by Bengali muslims in Sylhet despite them voting to stay in Pakistan has been suppressed. Now if you make a movie on these incidents, it is painful the indian muslims and leftists and liberals will start calling it propaganda because it essentially paints the wrongdoing of muslim community.",1.0,2025-09-05 15:08:12
Pakistan Zindabad,all,Zee Studios Films Accused of BJP/Hindutva Propaganda (2000–2025),https://www.reddit.com/r/sundaysarthak/comments/1n8kgav/zee_studios_films_accused_of_bjphindutva/,LingonBerryGloomy954,4,15,2025-09-04 19:58:02,SD1208s,Looks like you were born in 2014. Happy birthday kiddo!,2.0,2025-09-05 09:23:37
Pakistan Zindabad,all,Zee Studios Films Accused of BJP/Hindutva Propaganda (2000–2025),https://www.reddit.com/r/sundaysarthak/comments/1n8kgav/zee_studios_films_accused_of_bjphindutva/,LingonBerryGloomy954,4,15,2025-09-04 19:58:02,LingonBerryGloomy954,"Nah bro, I'm much older than you too, probably. I'm just not into these shitty Bollywood movies",1.0,2025-09-05 09:29:13
Pakistan Zindabad,all,Zee Studios Films Accused of BJP/Hindutva Propaganda (2000–2025),https://www.reddit.com/r/sundaysarthak/comments/1n8kgav/zee_studios_films_accused_of_bjphindutva/,LingonBerryGloomy954,4,15,2025-09-04 19:58:02,SD1208s,Maybe look back a bit before taking side!,2.0,2025-09-05 09:29:46
Pakistan Zindabad,all,Zee Studios Films Accused of BJP/Hindutva Propaganda (2000–2025),https://www.reddit.com/r/sundaysarthak/comments/1n8kgav/zee_studios_films_accused_of_bjphindutva/,LingonBerryGloomy954,4,15,2025-09-04 19:58:02,LingonBerryGloomy954,"That is why I used ""?!""",3.0,2025-09-05 09:56:06
Pakistan Zindabad,all,Brush these guys....,https://i.redd.it/e9uvk3s0wsmf1.png,littleMissTired123,1,3,2025-09-02 19:10:39,AutoModerator,"you're already here. might as well join our [discord](https://discord.gg/kvqgnvSHyM)

*I am a bot, and this action was performed automatically. Please [contact the moderators of this subreddit](/message/compose/?to=/r/TeenPakistani) if you have any questions or concerns.*",1.0,2025-09-02 19:10:42
Pakistan Zindabad,all,Brush these guys....,https://i.redd.it/e9uvk3s0wsmf1.png,littleMissTired123,1,3,2025-09-02 19:10:39,Snoo_56184,why do u give a shit?,1.0,2025-09-05 12:22:47
Pakistan Zindabad,all,Brush these guys....,https://i.redd.it/e9uvk3s0wsmf1.png,littleMissTired123,1,3,2025-09-02 19:10:39,littleMissTired123,"Great question. As a pakistani i want people from other countries to respect my people and my country. Why is it that pakistani celebs are foaming at the mouth to work in bollywood and would do anything to secure a deal all while indian people disrespect our culture and country at every possible chance.

 Also,  I feel like somewhere with all this India is somewhat involved in all this damage. Yes it rained a lot and poor planning and corruption led to a lot of the damage and displacement of people but why is no one mentioning india suddenly opening the dams? U can't tell me this wasn't deliberate.  So much rain and flooding and india decided to let the dams go right at this moment? On top of that these people have the nerve to talk like this?

More people should call out this behavior,  first targeting innocent civilians and killing kids and then deliberately adding to the damage already done by rain",1.0,2025-09-05 12:35:13
Pakistan Zindabad,all,Asif Ali retires from International Cricket,https://i.redd.it/cesgjhgoblmf1.jpeg,Downtown_Bat7013,186,49,2025-09-01 17:44:16,SeatSniffer12345,Ahh man that 2021 team in UAE. We really should have went all the way!,106.0,2025-09-01 17:47:22
Pakistan Zindabad,all,Asif Ali retires from International Cricket,https://i.redd.it/cesgjhgoblmf1.jpeg,Downtown_Bat7013,186,49,2025-09-01 17:44:16,Unusual_duck1,He was a beast in 21 !! May he win more in life,47.0,2025-09-01 17:47:29
Pakistan Zindabad,all,Asif Ali retires from International Cricket,https://i.redd.it/cesgjhgoblmf1.jpeg,Downtown_Bat7013,186,49,2025-09-01 17:44:16,ChaosTheory0908,"The hardship he had to go through in his life with his daughter, some can only imagine that pain.

He tried his best and was always a good power hitter. Should of been utilitied better in his career but always played for the team.

4 sixes in 4 balls vs Afghanistan in 2021 Match winning knock will always be remembered.

Go well",85.0,2025-09-01 17:54:19
Pakistan Zindabad,all,Asif Ali retires from International Cricket,https://i.redd.it/cesgjhgoblmf1.jpeg,Downtown_Bat7013,186,49,2025-09-01 17:44:16,Ghostly_100,"Only 33, damn. 

He had his moments, go well.",33.0,2025-09-01 17:56:03
Pakistan Zindabad,all,Asif Ali retires from International Cricket,https://i.redd.it/cesgjhgoblmf1.jpeg,Downtown_Bat7013,186,49,2025-09-01 17:44:16,Key-Ad6653,"streets won't forget typa guy, wasn't the best but had his moments for sure. 

2021 was his time honestly",13.0,2025-09-01 18:36:33
Pakistan Zindabad,all,Asif Ali retires from International Cricket,https://i.redd.it/cesgjhgoblmf1.jpeg,Downtown_Bat7013,186,49,2025-09-01 17:44:16,saudk8,Good for him. Ciao,10.0,2025-09-01 17:48:22
Pakistan Zindabad,all,Asif Ali retires from International Cricket,https://i.redd.it/cesgjhgoblmf1.jpeg,Downtown_Bat7013,186,49,2025-09-01 17:44:16,Difficult-Cucumber25,That match against Afghanistan... uff man!! Happy retirement Asif bhai!!!!!,19.0,2025-09-01 17:51:58
Pakistan Zindabad,all,Asif Ali retires from International Cricket,https://i.redd.it/cesgjhgoblmf1.jpeg,Downtown_Bat7013,186,49,2025-09-01 17:44:16,WhoInvitedMyManBlud,"I love that he had a redemption arc and will retire as a cult hero instead of that dropped catch guy, deserved it so much after everything he had gone through",17.0,2025-09-01 18:21:25
Pakistan Zindabad,all,Asif Ali retires from International Cricket,https://i.redd.it/cesgjhgoblmf1.jpeg,Downtown_Bat7013,186,49,2025-09-01 17:44:16,ultra_phoenix,wtf didn’t even realise he lost his daughter. He’s achieved more than most of us ever will at the age of 33 even though he wasn’t consistent,8.0,2025-09-01 18:52:01
Pakistan Zindabad,all,Asif Ali retires from International Cricket,https://i.redd.it/cesgjhgoblmf1.jpeg,Downtown_Bat7013,186,49,2025-09-01 17:44:16,Original_Airline1559,"Talent that never happened.

Wishing him all the best for the future",7.0,2025-09-01 18:19:36
Pakistan Zindabad,all,Asif Ali retires from International Cricket,https://i.redd.it/cesgjhgoblmf1.jpeg,Downtown_Bat7013,186,49,2025-09-01 17:44:16,lbh02,"We're all guilty of making him the punching bag of the team but he's really gone through a lot in life with the sickness and death of his daughter. I'm glad he managed to at least get a few iconic moments for Pakistan.

Hope he enjoys a post retirement life",13.0,2025-09-01 18:18:45
Pakistan Zindabad,all,Asif Ali retires from International Cricket,https://i.redd.it/cesgjhgoblmf1.jpeg,Downtown_Bat7013,186,49,2025-09-01 17:44:16,Beneficial_Bend_5035,"Solid career, very nice guy. Wish him the best.",6.0,2025-09-01 18:02:17
Pakistan Zindabad,all,Asif Ali retires from International Cricket,https://i.redd.it/cesgjhgoblmf1.jpeg,Downtown_Bat7013,186,49,2025-09-01 17:44:16,Lynx1994,Massive missed opportunity. Should have played many more T20Is for Pakistan than he did. Played more clutch knocks for Pakistan than a certain someone. 👀,15.0,2025-09-01 17:46:50
Pakistan Zindabad,all,Asif Ali retires from International Cricket,https://i.redd.it/cesgjhgoblmf1.jpeg,Downtown_Bat7013,186,49,2025-09-01 17:44:16,Healthy_Quail_3669,Congrats on your career,3.0,2025-09-01 19:19:44
Pakistan Zindabad,all,Asif Ali retires from International Cricket,https://i.redd.it/cesgjhgoblmf1.jpeg,Downtown_Bat7013,186,49,2025-09-01 17:44:16,christiancricketer,"Happy retirement, sir.",3.0,2025-09-01 21:13:20
Pakistan Zindabad,all,Asif Ali retires from International Cricket,https://i.redd.it/cesgjhgoblmf1.jpeg,Downtown_Bat7013,186,49,2025-09-01 17:44:16,Jealous-Cellist9615,Much better than chacha,2.0,2025-09-02 02:45:24
Pakistan Zindabad,all,Asif Ali retires from International Cricket,https://i.redd.it/cesgjhgoblmf1.jpeg,Downtown_Bat7013,186,49,2025-09-01 17:44:16,,[removed],1.0,2025-09-01 21:58:04
Pakistan Zindabad,all,Asif Ali retires from International Cricket,https://i.redd.it/cesgjhgoblmf1.jpeg,Downtown_Bat7013,186,49,2025-09-01 17:44:16,deltapak,Goodbye to the Beast of 2021 T20 WC. You will always have a special place in my cricketing heart for your fireworks then.,1.0,2025-09-01 23:31:06
Pakistan Zindabad,all,Asif Ali retires from International Cricket,https://i.redd.it/cesgjhgoblmf1.jpeg,Downtown_Bat7013,186,49,2025-09-01 17:44:16,Warm_Fee_2800,The chase wins against New zealand and 4 6s against Afghanistan. Plus Nasser hussain warning the world cup teams on commentary that Pakistan has a FINISHER. He had his moments of fun in international cricket,1.0,2025-09-02 05:16:44
Pakistan Zindabad,all,Asif Ali retires from International Cricket,https://i.redd.it/cesgjhgoblmf1.jpeg,Downtown_Bat7013,186,49,2025-09-01 17:44:16,k1ck_ss,Good for him! He wasnt gna make a comeback to the team and this frees him up for other leagues! Wish him all the luck!,1.0,2025-09-02 09:58:32
Pakistan Zindabad,all,Asif Ali retires from International Cricket,https://i.redd.it/cesgjhgoblmf1.jpeg,Downtown_Bat7013,186,49,2025-09-01 17:44:16,Queasy_Amoeba_4656,Mediocre at best and was always over-rated,-5.0,2025-09-01 19:00:03
Pakistan Zindabad,all,Asif Ali retires from International Cricket,https://i.redd.it/cesgjhgoblmf1.jpeg,Downtown_Bat7013,186,49,2025-09-01 17:44:16,EveningComparison942,https://preview.redd.it/tip0i4b3tomf1.jpeg?width=1080&format=pjpg&auto=webp&s=4abb5313821d1ca9855a722d8f53489a86a5e519,-1.0,2025-09-02 05:27:08
Pakistan Zindabad,all,Asif Ali retires from International Cricket,https://i.redd.it/cesgjhgoblmf1.jpeg,Downtown_Bat7013,186,49,2025-09-01 17:44:16,gardenofeden123,Wasn’t there a hilarious thread on PP where some lallu was suggesting he should be captain,-4.0,2025-09-01 17:56:41
Pakistan Zindabad,all,Asif Ali retires from International Cricket,https://i.redd.it/cesgjhgoblmf1.jpeg,Downtown_Bat7013,186,49,2025-09-01 17:44:16,Snoo_56184,"bro was our best batsman after fakhar, saim, babar, rizwan, shaheen, amir, sufyan moqim and 30 others after 2020",-20.0,2025-09-01 17:47:14
Pakistan Zindabad,all,Asif Ali retires from International Cricket,https://i.redd.it/cesgjhgoblmf1.jpeg,Downtown_Bat7013,186,49,2025-09-01 17:44:16,littlebit9-,"Who remember bro hitting 100 150 sixers in 




Nets",-13.0,2025-09-01 17:55:37
Pakistan Zindabad,all,Asif Ali retires from International Cricket,https://i.redd.it/cesgjhgoblmf1.jpeg,Downtown_Bat7013,186,49,2025-09-01 17:44:16,Lynx1994,"Also finished the match against New Zealand during that tournament. Big, impactful player.",29.0,2025-09-01 18:34:08
Pakistan Zindabad,all,Asif Ali retires from International Cricket,https://i.redd.it/cesgjhgoblmf1.jpeg,Downtown_Bat7013,186,49,2025-09-01 17:44:16,LeadingDimension5772,"I understand life hasn't always been easy for him, but as a cricketer, he flattered to deceive, he clutched up for like 1-2 games in 21', but never was able to deliever anything else beyond that.

one of the main examples of PSL talent going nowhere",0.0,2025-09-02 04:10:46
Pakistan Zindabad,all,Asif Ali retires from International Cricket,https://i.redd.it/cesgjhgoblmf1.jpeg,Downtown_Bat7013,186,49,2025-09-01 17:44:16,LeadingDimension5772,what did he go through?,1.0,2025-09-02 04:11:09
Pakistan Zindabad,all,Asif Ali retires from International Cricket,https://i.redd.it/cesgjhgoblmf1.jpeg,Downtown_Bat7013,186,49,2025-09-01 17:44:16,Downtown_Bat7013,i cant think of more than 3-4 winning knocks from asif ali so idk what ur on about.. Yes babar sucks in T20Is but u cant say asif ali had more matching winning knocks than babar,-1.0,2025-09-01 17:53:34
Pakistan Zindabad,all,Asif Ali retires from International Cricket,https://i.redd.it/cesgjhgoblmf1.jpeg,Downtown_Bat7013,186,49,2025-09-01 17:44:16,gardenofeden123,He played 58 t20’s and could not hit a single half century. For a man who cannot field or bowl he played far too many games.,-13.0,2025-09-01 17:59:10
Pakistan Zindabad,all,Asif Ali retires from International Cricket,https://i.redd.it/cesgjhgoblmf1.jpeg,Downtown_Bat7013,186,49,2025-09-01 17:44:16,AutoModerator,"Your account does not meet the minimum age and/or karma requirements to participate on this subreddit.

*I am a bot, and this action was performed automatically. Please [contact the moderators of this subreddit](/message/compose/?to=/r/PakCricket) if you have any questions or concerns.*",1.0,2025-09-01 21:58:05
Pakistan Zindabad,all,Asif Ali retires from International Cricket,https://i.redd.it/cesgjhgoblmf1.jpeg,Downtown_Bat7013,186,49,2025-09-01 17:44:16,iamsaqibtanveer,Literally usk baad bhai ka career downfall pe chala gya,0.0,2025-09-01 22:49:38
Pakistan Zindabad,all,Asif Ali retires from International Cricket,https://i.redd.it/cesgjhgoblmf1.jpeg,Downtown_Bat7013,186,49,2025-09-01 17:44:16,littlebit9-,Why you guys down voting. Playing sympathy card with asif. Seriously,-2.0,2025-09-01 23:07:06
Pakistan Zindabad,all,Asif Ali retires from International Cricket,https://i.redd.it/cesgjhgoblmf1.jpeg,Downtown_Bat7013,186,49,2025-09-01 17:44:16,ChaosTheory0908,Yes well remembered!!,7.0,2025-09-01 18:54:29
Pakistan Zindabad,all,Asif Ali retires from International Cricket,https://i.redd.it/cesgjhgoblmf1.jpeg,Downtown_Bat7013,186,49,2025-09-01 17:44:16,WhoInvitedMyManBlud,His daughter died due to cancer,3.0,2025-09-02 04:26:07
Pakistan Zindabad,all,Asif Ali retires from International Cricket,https://i.redd.it/cesgjhgoblmf1.jpeg,Downtown_Bat7013,186,49,2025-09-01 17:44:16,Lynx1994,"Babar has multiple match winning, clutch knocks in T20Is during tournaments? What are you on about?",2.0,2025-09-01 17:58:01
Pakistan Zindabad,all,Asif Ali retires from International Cricket,https://i.redd.it/cesgjhgoblmf1.jpeg,Downtown_Bat7013,186,49,2025-09-01 17:44:16,Lynx1994,"He could not hit a single half century because of his entry point. He was a lower order batter. How many lower order batsmen coming in at number 7 score 50s? That's such a joke logic. If you want 50s as the metric for success then sure, stick to your Babar and Rizwan fan clubs.",13.0,2025-09-01 18:01:02
Pakistan Zindabad,all,Asif Ali retires from International Cricket,https://i.redd.it/cesgjhgoblmf1.jpeg,Downtown_Bat7013,186,49,2025-09-01 17:44:16,No-Establishment3700,Literally Dhoni didn't have a T20I fifty for ages cuz he came in to bat too late. That Stat means nothing,3.0,2025-09-02 01:25:15
Pakistan Zindabad,all,Asif Ali retires from International Cricket,https://i.redd.it/cesgjhgoblmf1.jpeg,Downtown_Bat7013,186,49,2025-09-01 17:44:16,littlebit9-,Yes ✅,-1.0,2025-09-01 23:11:56
Pakistan Zindabad,all,Asif Ali retires from International Cricket,https://i.redd.it/cesgjhgoblmf1.jpeg,Downtown_Bat7013,186,49,2025-09-01 17:44:16,LeadingDimension5772,very sorry to hear that. did this happen after he was dropped?,1.0,2025-09-02 06:51:24
Pakistan Zindabad,all,Asif Ali retires from International Cricket,https://i.redd.it/cesgjhgoblmf1.jpeg,Downtown_Bat7013,186,49,2025-09-01 17:44:16,Downtown_Bat7013,"nope never said T20I tournaments, and you never specified either soo 🤷‍♂️",5.0,2025-09-01 18:04:21
Pakistan Zindabad,all,Asif Ali retires from International Cricket,https://i.redd.it/cesgjhgoblmf1.jpeg,Downtown_Bat7013,186,49,2025-09-01 17:44:16,josh123z,"Asif Ali has average of 15 and sr of 133, even after taking his entry point into consideration he hasn’t done the job well enough especially with that sr",-1.0,2025-09-01 19:42:44
Pakistan Zindabad,all,Asif Ali retires from International Cricket,https://i.redd.it/cesgjhgoblmf1.jpeg,Downtown_Bat7013,186,49,2025-09-01 17:44:16,Downtown_Bat7013,dhoni was also notoriously not a good T20 player,0.0,2025-09-02 02:00:03
Pakistan Zindabad,all,Asif Ali retires from International Cricket,https://i.redd.it/cesgjhgoblmf1.jpeg,Downtown_Bat7013,186,49,2025-09-01 17:44:16,littlebit9-,Bhai plz don't down v.te me,0.0,2025-09-02 12:00:44
Pakistan Zindabad,all,Asif Ali retires from International Cricket,https://i.redd.it/cesgjhgoblmf1.jpeg,Downtown_Bat7013,186,49,2025-09-01 17:44:16,Cool_Control_4502,"Nope, before. She died in 2019",1.0,2025-09-02 08:10:49
Pakistan Zindabad,all,Asif Ali retires from International Cricket,https://i.redd.it/cesgjhgoblmf1.jpeg,Downtown_Bat7013,186,49,2025-09-01 17:44:16,Lynx1994,"Even in normal, bilateral T20s he doesn't. Especially against A grade bowling attacks. Asif finished two back to back, tense run chases in an ICC tournament against New Zealand and Afghanistan. Go read the scorecards again if you didn't watch those matches.",0.0,2025-09-01 18:21:26
Pakistan Zindabad,all,Asif Ali retires from International Cricket,https://i.redd.it/cesgjhgoblmf1.jpeg,Downtown_Bat7013,186,49,2025-09-01 17:44:16,Negative-Nothing339,"A grade bowling attacks? Babar alone has 3 good match winning knocks in ICC tournaments (50 vs Ind, 50 vs Afg & 50 vs NZ) against good quality bowling and mulitple in bilaterals against good bowling as well,",3.0,2025-09-01 19:51:51
Pakistan Zindabad,all,Asif Ali retires from International Cricket,https://i.redd.it/cesgjhgoblmf1.jpeg,Downtown_Bat7013,186,49,2025-09-01 17:44:16,LeadingDimension5772,"asif had like 2 good games in his career max. He pretty much always failed every time i saw him, i was beginning to think some sort of nepotism was involved before they finally axed him

he's one of the main examples of PSL talent going nowhere",1.0,2025-09-02 04:13:18
Pakistan Zindabad,all,Unc still got it 🥀🇵🇰✊,https://v.redd.it/uy99v8gf3rlf1,Strange_Cartoonist14,53,8,2025-08-28 12:04:33,spiraldive87,"I’d love to see Pakistan be back and competitive. I think they add a lot to international hockey, they’ve some very skilled players and the rivalry with India is something we don’t really have with the same intensity elsewhere.

That being said I wonder how many pro league fixtures we get through here before they bail on fixtures, just don’t show up, can’t host people, have an argument over who the official national team is or some other colossal example of mismanagement. 

I hope I’m wrong but I expect the shit to hit the fan before they’ve played eight games.",16.0,2025-08-28 15:26:41
Pakistan Zindabad,all,Unc still got it 🥀🇵🇰✊,https://v.redd.it/uy99v8gf3rlf1,Strange_Cartoonist14,53,8,2025-08-28 12:04:33,jackkirbyisgod,Tbh I think they will get relegated cause the gap is too big with the top 8 but will still be a good experience for them.,3.0,2025-08-29 08:01:47
Pakistan Zindabad,all,Unc still got it 🥀🇵🇰✊,https://v.redd.it/uy99v8gf3rlf1,Strange_Cartoonist14,53,8,2025-08-28 12:04:33,SWaghmare,"They were afraid that their phone will get stolen 🙂
Or 2 sacks of rice 🙂 or aata",-1.0,2025-08-29 04:40:22
Pakistan Zindabad,all,Unc still got it 🥀🇵🇰✊,https://v.redd.it/uy99v8gf3rlf1,Strange_Cartoonist14,53,8,2025-08-28 12:04:33,SarimLiv82,HELL YEAAAAAAAAAAAAAAAAAH,0.0,2025-08-28 18:08:19
Pakistan Zindabad,all,Unc still got it 🥀🇵🇰✊,https://v.redd.it/uy99v8gf3rlf1,Strange_Cartoonist14,53,8,2025-08-28 12:04:33,SarimLiv82,"I don't think PHF now will have as much autonomy over the control of the national team as they had previously provided as even the funds for the pro league are going to be management centrally by the government. Plus Ammad Butt's got experience and a calm head, I put my faith in my captain.",4.0,2025-08-28 18:10:02
Pakistan Zindabad,all,Unc still got it 🥀🇵🇰✊,https://v.redd.it/uy99v8gf3rlf1,Strange_Cartoonist14,53,8,2025-08-28 12:04:33,Strange_Cartoonist14,PSB is all over PHF's ass so I hope no problems,1.0,2025-08-29 09:47:12
Pakistan Zindabad,all,Unc still got it 🥀🇵🇰✊,https://v.redd.it/uy99v8gf3rlf1,Strange_Cartoonist14,53,8,2025-08-28 12:04:33,Strange_Cartoonist14,Why are you obsessed with us?,3.0,2025-08-29 09:48:13
Pakistan Zindabad,all,‘Not sedition’: Himachal Pradesh HC grants bail to street vendor arrested for sharing ‘Pakistan Zindabad’ post,https://indianexpress.com/article/cities/chandigarh/himachal-hc-grants-bail-to-street-vendor-arrested-sharing-pakistan-zindabad-post-10204750/,one_brown_jedi,39,2,2025-08-23 08:29:02,Clear_Anything1232,"> However, the defence argued that the fruit vendor, who is illiterate, neither operates social media nor understands its functioning. His Facebook account was allegedly created by his son, and the informant in the case – who had access to his phone – posted the reel, it was alleged. A monetary dispute also existed between Suleman and the informant, the defence stated.

Click bait",28.0,2025-08-23 08:53:36
Pakistan Zindabad,all,‘Not sedition’: Himachal Pradesh HC grants bail to street vendor arrested for sharing ‘Pakistan Zindabad’ post,https://indianexpress.com/article/cities/chandigarh/himachal-hc-grants-bail-to-street-vendor-arrested-sharing-pakistan-zindabad-post-10204750/,one_brown_jedi,39,2,2025-08-23 08:29:02,bhodrolok,"Good. 

But this nonsensical law needs to be struck down by the SC.",18.0,2025-08-23 08:38:44
