Target_User,Post_Title,Post_URL,Post_Author,Post_Score,Post_Comments_Count,Post_DateTime,Comment_Author,Comment_Body,Comment_Score,Comment_DateTime,Post_Anti_India_Score,Comment_Anti_India_Score,Anti_India_Score,OpenAI_Label_Post,OpenAI_Label_Comment
Old-Zookeepergame937,Pakistan awarded 155 soldiers posthumously for operation Banyan Ul Marsoos.,https://www.reddit.com/gallery/1mrej8f,Old-Zookeepergame937,329,151,2025-08-15 23:48:18,nil,nil,nil,nil,0.0,0.0,0.0,0,0
Old-Zookeepergame937,Resist East India Company 2.0,https://i.redd.it/09k77rplt5gf1.jpeg,Old-Zookeepergame937,801,278,2025-07-31 07:11:21,nil,nil,nil,nil,0.0,0.0,0.0,0,0
Old-Zookeepergame937,India didn't bent the knee.,https://i.redd.it/dnwl6otph0gf1.png,Old-Zookeepergame937,1212,408,2025-07-30 13:15:48,nil,nil,nil,nil,0.0,0.0,0.0,0,0
Old-Zookeepergame937,Recent activity on sub.,https://www.reddit.com/r/CriticalThinkingIndia/comments/1m7nhdc/recent_activity_on_sub/,Old-Zookeepergame937,1,0,2025-07-23 22:35:34,nil,nil,nil,nil,0.0,0.0,0.0,0,0
Old-Zookeepergame937,Hegelian dialects.how elite rule the world.,https://i.redd.it/fgl8cubwcd1f1.jpeg,Old-Zookeepergame937,28,14,2025-05-17 16:29:56,nil,nil,nil,nil,0.0,0.0,0.0,0,0
Old-Zookeepergame937,"The Bengal Files: Vivek’s reheated propaganda thali, served too late, over-spiced with lies, and rejected by an audience no longer hungry for his stale recipe.",https://www.reddit.com/r/CriticalThinkingIndia/comments/1na8cbd/the_bengal_files_viveks_reheated_propaganda_thali/,forthright-folk,0,48,2025-09-06 19:24:12,Old-Zookeepergame937,Don't even try to gaslight me.you made a post calling it propaganda now defend you claim.,3,2025-09-06 20:27:11,0.5111399999999999,0.0,0.5111399999999999,0,0
Old-Zookeepergame937,"The Bengal Files: Vivek’s reheated propaganda thali, served too late, over-spiced with lies, and rejected by an audience no longer hungry for his stale recipe.",https://www.reddit.com/r/CriticalThinkingIndia/comments/1na8cbd/the_bengal_files_viveks_reheated_propaganda_thali/,forthright-folk,0,48,2025-09-06 19:24:12,Old-Zookeepergame937,Tell me what was shown in kasmir files was factually incorrect you call it a propaganda movie.,5,2025-09-06 20:09:44,0.5111399999999999,0.0,0.5111399999999999,0,0
Old-Zookeepergame937,"The Bengal Files: Vivek’s reheated propaganda thali, served too late, over-spiced with lies, and rejected by an audience no longer hungry for his stale recipe.",https://www.reddit.com/r/CriticalThinkingIndia/comments/1na8cbd/the_bengal_files_viveks_reheated_propaganda_thali/,forthright-folk,0,48,2025-09-06 19:24:12,Old-Zookeepergame937,Liberals gaslighting people to deny atrocities happened against them.they shield the worst of humanity and believe themselves to be morally superior.nothing happened in Kashmir nothing happened in Direct action day. If something happened it was the fault of hindus.go on keep gaslighting people keep denying atrocities happened against them keep calling it propaganda i have read enough history to know how this ends you will too.people who want to be left alone leave them alone keep your gaslighting to yourself.when people reliaze they won't be left alone they will make everyone pay.,8,2025-09-06 20:05:14,0.5111399999999999,0.5705399999999999,0.5705399999999999,0,1
Old-Zookeepergame937,GST Rate Cuts Before Election? The Real Motive Isn’t What You Think,https://i.redd.it/erb8rq7qd7nf1.png,CHANGEINDIA,0,38,2025-09-04 19:54:52,Old-Zookeepergame937,"Just read about how many different taxes were there before gst and it varied in states.simple form of tax structure was required.now they are simplifying it by reducing gst slab.macro economic reforms takes year and decades to implement they cannot be done yearly.it creates to much speculation and uncertainty 

Why you guys are so blackpilled.last quarter growth came at 7.8 %. Tarrif affected the sector at worst can  cost us 37 billion if we do nothing.we gonna do transhipment to circumvent it to reduce loss .plus we gonna sell to new markets .in six months we will know.",0,2025-09-04 20:36:56,0.0,0.39821999999999996,0.39821999999999996,0,0
Old-Zookeepergame937,GST Rate Cuts Before Election? The Real Motive Isn’t What You Think,https://i.redd.it/erb8rq7qd7nf1.png,CHANGEINDIA,0,38,2025-09-04 19:54:52,Old-Zookeepergame937,Said 6 month back Tai will go down as one of the best fm since 1991 but people won't accept it until she is politically irrelevant .,3,2025-09-04 20:16:47,0.0,0.0,0.0,0,0
thalantony,Same same but different,https://i.redd.it/jywbo82kvonf1.jpeg,thalantony,0,33,2025-09-07 06:45:04,nil,nil,nil,nil,0.0,0.0,0.0,0,0
thalantony,Harsha Bhogle shitposting,https://i.redd.it/nmhmrafuzw8f1.jpeg,thalantony,29,4,2025-06-24 18:01:20,nil,nil,nil,nil,0.0,0.0,0.0,0,0
thalantony,"Indian billionaire Sanjay Kapoor died, due to accidentally swallowing a bee while playing polo on the  UK",https://i.redd.it/28pmjcezwc7f1.jpeg,thalantony,62,5,2025-06-16 22:43:52,nil,nil,nil,nil,0.38214,0.0,0.38214,0,0
thalantony,New competition for the GOAT?,https://i.redd.it/zmr8xcngs0ye1.jpeg,thalantony,7,3,2025-04-30 19:01:36,nil,nil,nil,nil,0.0,0.0,0.0,0,0
thalantony,I love how Indiaspeaks doesn’t even try to hide being a Whatsapp University sub.,https://i.redd.it/79kzqwx1ernf1.jpeg,lazyslipper,190,90,2025-09-07 15:12:20,thalantony,And I love how this sub doesn't even try to be a meme page,1,2025-09-07 17:15:54,0.0,0.0,0.0,0,0
thalantony,"Indian Woman Caught Shoplifting at Target Store in US, Police Bodycam Video Shows Her Emotional Breakdown During Arrest",https://www.latestly.com/socially/world/indian-woman-caught-shoplifting-at-target-store-in-us-police-bodycam-video-shows-her-emotional-breakdown-during-arrest-7098114.html,mayblum,196,40,2025-09-07 09:59:21,thalantony,Generalization much?,-5,2025-09-07 15:40:18,0.0,0.0,0.0,0,0
thalantony,"The Bengal Files crashes on the opening day, struggles even outside Bengal without any ban with hardly any takers. Now only word of mouth can save it from becoming a disaster at the box office.",https://www.reddit.com/gallery/1n9ya0y,Raja_Gareebchandra,281,226,2025-09-06 12:27:07,thalantony,Like how this sub is filled with TMC it cell? All are echo chambers.,3,2025-09-06 22:47:24,0.0,0.0,0.0,0,0
thalantony,"The Bengal Files crashes on the opening day, struggles even outside Bengal without any ban with hardly any takers. Now only word of mouth can save it from becoming a disaster at the box office.",https://www.reddit.com/gallery/1n9ya0y,Raja_Gareebchandra,280,226,2025-09-06 12:27:07,thalantony,I mean you guys would definitely be up there with Bihar as long as Mamta is your CM.,1,2025-09-06 22:46:41,0.0,0.0,0.0,0,0
thalantony,'Mamata Govt Threatening Theatre Owners To Not Release 'The Bengal Files'': Director Vivek Agnihotri,https://www.youtube.com/watch?v=5vTRMPtJBBg,Mikey_Kun_ULTRA,0,13,2025-09-06 13:25:18,thalantony,Don't be so butthurt man.,1,2025-09-06 22:40:43,0.31601999999999997,0.0,0.31601999999999997,0,0
pratyush_1991,Why doesn’t India ban consumption and production of Tobacco?,https://www.reddit.com/r/CriticalThinkingIndia/comments/1m5j0w9/why_doesnt_india_ban_consumption_and_production/,pratyush_1991,7,20,2025-07-21 13:32:55,nil,nil,nil,nil,0.33444,0.0,0.33444,0,0
pratyush_1991,"India may cut car import tax from 100% to 10% under EU deal, local firms want 30%",https://x.com/cnbctv18live/status/1909235963852697996?s=46&t=p1VwI5x_yYEjoQU8nvnSzA,pratyush_1991,2,12,2025-04-07 19:58:09,nil,nil,nil,nil,0.0,0.0,0.0,0,0
pratyush_1991,32nd Anniversary of Bombay Blast. No post on Mumbai city subreddit. No post on 26/11 as well.,https://i.redd.it/5bcknupox9oe1.jpeg,pratyush_1991,652,31,2025-03-12 15:05:35,nil,nil,nil,nil,0.0,0.0,0.0,0,0
pratyush_1991,We need to have discussion on why Sundar only played 8 test matches till now ,https://i.redd.it/fydplvzt1n9e1.jpeg,pratyush_1991,1,2,2024-12-28 19:09:59,nil,nil,nil,nil,0.0,0.0,0.0,0,0
pratyush_1991,Hang it in The Louvre ( Siraj Defence) ,https://i.redd.it/illu1em20n9e1.jpeg,pratyush_1991,61,3,2024-12-28 19:00:08,nil,nil,nil,nil,0.0,0.0,0.0,0,0
pratyush_1991,Minor murdered at madrasa in Odisha for threatening to expose sexual abuse; five inmates arrested,https://i.redd.it/xadzahcnurnf1.png,Foreign_Angle_9042,36,3,2025-09-07 16:48:36,pratyush_1991,Placard gang MIA,1,2025-09-07 16:54:17,0.56958,0.0,0.56958,0,0
pratyush_1991,India’s Ethanol Capacity hits 1822 Crore Litres,https://i.redd.it/mu6dqwswxonf1.jpeg,TheMapsDaily,42,18,2025-09-07 06:58:18,pratyush_1991,"Still no data. I dont talk to people who cant back their statement with actual data

Next comment and i will block you",1,2025-09-07 16:20:22,0.0,0.37494,0.37494,0,0
pratyush_1991,Anti-Naxal operations: 30 new bases to be opened in Chhattisgarh; forces to intensify action,https://www.ptinews.com/story/national/anti-naxal-operations-30-new-bases-to-be-opened-in-chhattisgarh;-forces-to-intensify-action=/2891220,ll--o--ll,16,4,2025-09-07 14:28:11,pratyush_1991,"Makes sense. Low level workers can be saved

But if you see in any structure, the top and mid level are way too far gone. Finishing them is the only option",7,2025-09-07 15:31:17,0.0,0.0,0.0,0,0
pratyush_1991,Final SIP Allocation,https://www.reddit.com/r/India_Investments/comments/1nascjr/final_sip_allocation/,Radiant-Raspberry813,4,2,2025-09-07 12:49:35,pratyush_1991,"Its pretty well balanced portfolio already. You dont need to any “aggressive funds” here

You can do 80-20 Equity Gold split

And 45-35-20 split for Equity 

PPFC - 8k
Midcap - 6k
Small Cap - 4k
Gold ( not sure about Silver) - 4k

Would balance your portfolio even better in my opinion",1,2025-09-07 14:42:47,0.0,0.0,0.0,0,0
pratyush_1991,Anti-Naxal operations: 30 new bases to be opened in Chhattisgarh; forces to intensify action,https://www.ptinews.com/story/national/anti-naxal-operations-30-new-bases-to-be-opened-in-chhattisgarh;-forces-to-intensify-action=/2891220,ll--o--ll,17,4,2025-09-07 14:28:11,pratyush_1991,"Seems like Government is serious about the deadline to finish them off

And hopefully no mediation nataunki anymore. They had their chance to surrender. They just buy time and regroup again

Dialogue with Naxals is like expecting termite infection to go on its own by just looking at it",6,2025-09-07 14:35:08,0.0,0.0,0.0,0,0
